age,annual_income,monthly_expenses,dependents,credit_score,total_debt,monthly_debt_payment,current_savings,current_investments,investment_horizon,dti_ratio,savings_rate,emergency_months,net_worth,financial_health_score,distress_risk,risk_profile
59,76300.0,4974.73,1,719,0.0,0.0,44200.0,45500.0,12,0.0,0.2176,8.88,89700.0,76.6,0,Moderate
49,85600.0,3684.37,3,700,73200.0,1150.09,47300.0,128100.0,17,0.1612,0.3223,12.84,102200.0,77.0,0,Balanced
35,47000.0,2164.59,0,702,20000.0,403.86,5500.0,6000.0,30,0.1031,0.3442,2.54,-8500.0,63.2,0,Balanced
63,84100.0,2809.63,0,790,40700.0,805.21,121100.0,155200.0,7,0.1149,0.4842,36.0,235600.0,91.1,0,Moderate
28,72400.0,2764.58,1,750,8800.0,262.67,14400.0,19600.0,40,0.0435,0.4982,5.21,25200.0,80.6,0,Aggressive
41,40100.0,2551.52,3,646,10500.0,311.84,21700.0,0.0,27,0.0933,0.1431,8.5,11200.0,61.0,0,Aggressive
59,65700.0,3716.67,1,798,25900.0,623.57,25600.0,78000.0,12,0.1139,0.2073,6.89,77700.0,71.4,0,Moderate
39,53600.0,1756.39,0,675,44700.0,684.94,4600.0,10700.0,33,0.1533,0.4534,2.62,-29400.0,63.6,0,Moderate
43,47300.0,1814.95,2,687,21000.0,396.51,13400.0,40300.0,28,0.1006,0.439,7.38,32700.0,79.8,0,Aggressive
31,35200.0,1207.15,0,706,39800.0,1029.36,7000.0,0.0,34,0.3509,0.2376,5.8,-32800.0,54.6,0,Aggressive
31,68500.0,4139.68,1,707,20000.0,334.48,19900.0,0.0,39,0.0586,0.2162,4.81,-100.0,62.0,0,Aggressive
44,43100.0,2492.01,2,734,0.0,0.0,15500.0,0.0,24,0.0,0.3062,6.22,15500.0,77.0,0,Balanced
56,51100.0,1853.43,1,730,0.0,0.0,20300.0,32700.0,14,0.0,0.5648,10.95,53000.0,91.4,0,Moderate
60,119500.0,6525.09,2,842,42300.0,1125.31,78200.0,155600.0,6,0.113,0.2318,11.98,191500.0,82.3,0,Moderate
44,93700.0,5815.74,2,771,37200.0,1092.09,57700.0,123500.0,23,0.1399,0.1153,9.92,144000.0,67.4,0,Balanced
23,38600.0,2469.05,1,738,0.0,0.0,1800.0,0.0,40,0.0,0.2324,0.73,1800.0,56.5,0,Aggressive
42,80300.0,6113.6,4,709,0.0,0.0,56200.0,177000.0,23,0.0,0.0864,9.19,233200.0,66.4,0,Aggressive
22,71200.0,3269.13,1,713,0.0,0.0,2000.0,1800.0,40,0.0,0.449,0.61,3800.0,66.9,0,Aggressive
44,168700.0,6106.0,0,826,62900.0,1661.45,118300.0,73800.0,20,0.1182,0.4475,19.37,129200.0,93.6,0,Balanced
64,141600.0,5602.29,0,735,45100.0,1017.8,130500.0,331600.0,2,0.0863,0.439,23.29,417000.0,88.3,0,Moderate
50,28500.0,1734.86,1,692,0.0,0.0,8000.0,5200.0,14,0.0,0.2695,4.61,13200.0,66.7,0,Balanced
58,106300.0,6808.46,0,700,0.0,0.0,100100.0,68200.0,11,0.0,0.2314,14.7,168300.0,76.6,0,Moderate
22,132700.0,6265.18,0,813,80200.0,2087.29,8500.0,0.0,40,0.1888,0.2447,1.36,-71700.0,56.9,0,Aggressive
41,90000.0,3766.06,0,806,0.0,0.0,49400.0,76800.0,30,0.0,0.4979,13.12,126200.0,96.9,0,Balanced
53,55000.0,2528.52,0,705,0.0,0.0,40400.0,72900.0,15,0.0,0.4483,15.98,113300.0,89.6,0,Moderate
32,249500.0,10435.86,0,771,94400.0,1691.81,19500.0,40100.0,32,0.0814,0.4167,1.87,-34800.0,71.3,0,Balanced
42,94700.0,4124.15,1,652,44900.0,1421.1,53000.0,184300.0,29,0.1801,0.2973,12.85,192400.0,71.0,0,Balanced
64,196200.0,10096.13,0,712,65500.0,1185.98,198900.0,329300.0,5,0.0725,0.31,19.7,462700.0,80.5,0,Balanced
45,139200.0,4945.01,1,767,110900.0,3381.46,97500.0,0.0,26,0.2915,0.2822,19.72,-13400.0,73.6,0,Aggressive
69,85400.0,3443.19,0,619,0.0,0.0,58500.0,130200.0,2,0.0,0.5162,16.99,188700.0,83.5,0,Moderate
47,48100.0,3064.58,3,632,32700.0,698.27,9800.0,0.0,24,0.1742,0.0612,3.2,-22900.0,35.9,0,Moderate
62,65300.0,2355.29,1,631,0.0,0.0,30200.0,100300.0,7,0.0,0.5672,12.82,130500.0,84.4,0,Moderate
48,58600.0,2018.19,0,614,0.0,0.0,41900.0,53500.0,16,0.0,0.5867,20.76,95400.0,83.1,0,Balanced
36,33900.0,1405.04,0,778,7900.0,237.79,18200.0,63200.0,28,0.0842,0.4185,12.95,73500.0,91.5,0,Aggressive
35,94600.0,5763.68,0,734,30200.0,875.64,25000.0,43900.0,33,0.1111,0.1578,4.34,38700.0,56.2,0,Balanced
67,156700.0,8957.42,0,712,195100.0,4175.82,85600.0,251500.0,3,0.3198,-0.0057,9.56,142000.0,47.4,0,Moderate
71,56200.0,2008.51,1,663,84300.0,1270.94,65400.0,159900.0,2,0.2714,0.2998,32.56,141000.0,68.3,0,Moderate
64,217500.0,11249.92,1,723,74300.0,1975.41,248500.0,820200.0,4,0.109,0.2703,22.09,994400.0,76.8,0,Moderate
23,28100.0,1147.12,0,752,25300.0,556.25,2800.0,0.0,40,0.2375,0.2726,2.44,-22500.0,55.7,0,Balanced
57,118200.0,6692.66,1,822,17900.0,498.87,18400.0,41300.0,8,0.0506,0.2699,2.75,41800.0,68.9,0,Moderate
71,165900.0,10349.69,2,740,21800.0,621.57,26400.0,64900.0,2,0.045,0.2064,2.55,69500.0,57.9,0,Conservative
27,59100.0,3571.34,0,735,56400.0,1267.61,5700.0,16300.0,40,0.2574,0.0175,1.6,-34400.0,32.2,1,Aggressive
41,59700.0,3234.58,2,699,65500.0,1815.51,8900.0,28400.0,26,0.3649,-0.0151,2.75,-28200.0,27.3,0,Moderate
29,117400.0,9000.67,4,572,0.0,0.0,22700.0,0.0,36,0.0,0.08,2.52,22700.0,38.1,0,Balanced
59,87400.0,5914.03,1,623,20800.0,640.31,55500.0,61200.0,9,0.0879,0.1001,9.38,95900.0,57.8,0,Moderate
38,24000.0,1625.73,2,738,0.0,0.0,12200.0,0.0,34,0.0,0.1871,7.5,12200.0,71.9,0,Balanced
24,41600.0,2114.49,0,718,0.0,0.0,1300.0,0.0,40,0.0,0.3901,0.61,1300.0,66.5,0,Aggressive
45,65700.0,2952.13,0,708,0.0,0.0,35000.0,0.0,27,0.0,0.4608,11.86,35000.0,89.9,0,Aggressive
34,31200.0,1470.96,1,686,13300.0,208.92,8400.0,0.0,38,0.0804,0.3539,5.71,-4900.0,72.5,0,Balanced
70,51000.0,1635.61,0,764,0.0,0.0,35200.0,74500.0,2,0.0,0.6152,21.52,109700.0,93.9,0,Moderate
29,31600.0,1263.13,0,759,8000.0,137.44,5500.0,0.0,40,0.0522,0.4681,4.35,-2500.0,78.5,0,Aggressive
46,54000.0,3363.85,2,709,49900.0,894.21,28400.0,0.0,21,0.1987,0.0538,8.44,-21500.0,54.5,0,Balanced
22,55000.0,2848.33,0,784,0.0,0.0,6200.0,0.0,40,0.0,0.3785,2.18,6200.0,74.7,0,Aggressive
40,80300.0,5263.46,1,638,88400.0,2616.46,6300.0,0.0,25,0.391,-0.1776,1.2,-82100.0,17.6,1,Moderate
48,62900.0,2306.38,1,738,0.0,0.0,49800.0,169000.0,24,0.0,0.56,21.59,218800.0,92.0,0,Aggressive
67,87300.0,3216.35,0,743,89100.0,1916.86,136800.0,107200.0,5,0.2635,0.2944,36.0,154900.0,73.9,0,Moderate
27,81700.0,5281.21,2,773,22900.0,503.03,15200.0,0.0,39,0.0739,0.1504,2.88,-7700.0,55.8,0,Aggressive
64,116700.0,5479.09,1,706,66500.0,1521.32,125800.0,95600.0,5,0.1564,0.2802,22.96,154900.0,74.5,0,Moderate
28,107000.0,3810.43,0,811,0.0,0.0,9000.0,8400.0,40,0.0,0.5727,2.36,17400.0,78.8,0,Aggressive
67,101000.0,6553.05,0,750,48600.0,955.93,91600.0,292600.0,2,0.1136,0.1078,13.98,335600.0,66.4,0,Moderate
55,365000.0,21136.55,0,706,131700.0,3882.21,301200.0,831100.0,13,0.1276,0.1775,14.25,1000600.0,67.9,0,Balanced
34,80100.0,4161.84,2,717,57800.0,1597.74,23400.0,0.0,30,0.2394,0.1371,5.62,-34400.0,51.8,0,Balanced
37,275500.0,16285.24,0,743,256100.0,6294.4,69400.0,167700.0,29,0.2742,0.0165,4.26,-19000.0,39.5,0,Balanced
56,83000.0,4788.0,1,703,51900.0,1202.63,90800.0,170000.0,15,0.1739,0.1339,18.96,208900.0,62.6,0,Moderate
70,63200.0,3876.21,1,732,12200.0,236.71,58600.0,41000.0,2,0.0449,0.2191,15.12,87400.0,76.2,0,Moderate
60,53900.0,3171.49,0,793,16400.0,377.39,76000.0,202400.0,11,0.084,0.2099,23.96,262000.0,78.3,0,Moderate
24,151800.0,5235.73,0,633,271300.0,6826.87,10500.0,0.0,40,0.5397,0.0464,2.01,-260800.0,18.6,1,Aggressive
22,163100.0,9095.4,1,772,15400.0,417.57,16300.0,51300.0,40,0.0307,0.3001,1.79,52200.0,65.7,0,Balanced
26,92000.0,3547.48,2,768,0.0,0.0,14800.0,0.0,40,0.0,0.5373,4.17,14800.0,80.7,0,Balanced
62,123400.0,4086.42,0,725,99900.0,2879.41,118400.0,298300.0,7,0.28,0.3226,28.97,316800.0,74.1,0,Conservative
24,32800.0,2027.02,0,704,5000.0,104.39,500.0,900.0,40,0.0382,0.2202,0.25,-3600.0,50.3,0,Aggressive
49,28200.0,1388.91,0,741,11600.0,273.24,4300.0,6300.0,21,0.1163,0.2927,3.1,-1000.0,63.1,0,Moderate
38,131300.0,8253.96,2,767,115200.0,2918.52,51100.0,88700.0,26,0.2667,-0.0211,6.19,24600.0,45.6,0,Balanced
46,61700.0,4089.68,2,739,4500.0,104.84,49800.0,161100.0,20,0.0204,0.1842,12.18,206400.0,75.1,0,Balanced
64,99900.0,6325.62,0,797,54800.0,1354.84,101600.0,100800.0,2,0.1627,0.0774,16.06,147600.0,65.5,0,Moderate
54,44600.0,2704.77,0,704,51800.0,875.21,14600.0,18200.0,12,0.2355,0.0368,5.4,-19000.0,42.9,0,Moderate
30,164600.0,8961.44,2,682,76100.0,1700.58,19300.0,0.0,37,0.124,0.2227,2.15,-56800.0,50.7,0,Aggressive
56,28400.0,1312.05,1,767,6400.0,126.51,23500.0,19900.0,8,0.0535,0.3922,17.91,37000.0,91.3,0,Balanced
34,30900.0,1343.63,2,776,24600.0,404.98,9700.0,0.0,31,0.1573,0.3209,7.22,-14900.0,77.5,0,Balanced
51,146400.0,6589.57,0,711,149600.0,2731.4,141500.0,90800.0,17,0.2239,0.236,21.47,82700.0,68.8,0,Balanced
68,24000.0,1053.19,0,794,0.0,0.0,23800.0,0.0,2,0.0,0.4734,22.6,23800.0,96.0,0,Balanced
35,81500.0,4101.01,0,668,31800.0,583.33,15300.0,24800.0,37,0.0859,0.3103,3.73,8300.0,62.2,0,Balanced
28,62400.0,3776.26,2,735,45800.0,827.98,9500.0,0.0,37,0.1592,0.1146,2.52,-36300.0,46.0,0,Balanced
34,44100.0,3128.64,2,740,0.0,0.0,16800.0,0.0,38,0.0,0.1487,5.37,16800.0,63.2,0,Aggressive
43,59300.0,3317.61,0,661,51800.0,1573.68,23800.0,57600.0,27,0.3185,0.0102,7.17,29600.0,39.4,0,Balanced
60,41500.0,2204.69,0,730,0.0,0.0,21200.0,0.0,12,0.0,0.3625,9.62,21200.0,88.6,0,Moderate
41,154500.0,7133.23,1,603,141600.0,4302.73,35200.0,45900.0,26,0.3342,0.1118,4.93,-60500.0,36.1,0,Balanced
36,178500.0,8237.8,4,720,0.0,0.0,73000.0,113600.0,34,0.0,0.4462,8.86,186600.0,90.3,0,Aggressive
65,45400.0,1873.7,0,778,26100.0,573.39,10500.0,15400.0,2,0.1516,0.3532,5.6,-200.0,75.8,0,Moderate
38,77000.0,4410.68,0,705,16100.0,441.2,15000.0,29900.0,33,0.0688,0.2439,3.4,28800.0,59.6,0,Moderate
67,31900.0,1334.77,1,817,14000.0,272.2,12500.0,26000.0,3,0.1024,0.3955,9.36,24500.0,93.2,0,Moderate
44,119400.0,7013.51,1,694,0.0,0.0,86300.0,145900.0,26,0.0,0.2951,12.3,232200.0,81.0,0,Balanced
46,117700.0,6001.84,0,709,39800.0,830.17,16500.0,24700.0,19,0.0846,0.3034,2.75,1400.0,61.9,0,Conservative
45,56300.0,2293.02,1,823,0.0,0.0,41200.0,0.0,27,0.0,0.5113,17.97,41200.0,98.1,0,Balanced
65,66800.0,2920.55,1,766,35900.0,950.78,69600.0,41800.0,6,0.1708,0.3046,23.83,75500.0,80.0,0,Moderate
61,62800.0,3027.6,0,800,27100.0,660.51,62500.0,152200.0,3,0.1262,0.2953,20.64,187600.0,83.5,0,Balanced
49,27200.0,1240.66,0,759,26000.0,451.11,21400.0,0.0,15,0.199,0.2536,17.25,-4600.0,74.6,0,Balanced
35,154900.0,9441.48,1,706,180900.0,5507.42,33800.0,0.0,33,0.4267,-0.1581,3.58,-147100.0,27.6,1,Balanced
65,43400.0,2436.77,0,764,9700.0,243.34,30700.0,31900.0,2,0.0673,0.259,12.6,52900.0,80.6,0,Moderate
21,43600.0,2215.71,0,736,0.0,0.0,1800.0,1300.0,40,0.0,0.3902,0.81,3100.0,68.4,0,Aggressive
45,60900.0,3597.72,0,773,0.0,0.0,34000.0,76900.0,26,0.0,0.2911,9.45,110900.0,86.3,0,Balanced
27,114400.0,6912.31,3,801,12800.0,213.17,27400.0,0.0,40,0.0224,0.2526,3.96,14600.0,70.5,0,Aggressive
29,47800.0,3368.93,2,817,0.0,0.0,14900.0,31300.0,36,0.0,0.1542,4.42,46200.0,66.5,0,Balanced
44,24000.0,1013.78,1,789,11400.0,241.67,15100.0,0.0,24,0.1208,0.3723,14.89,3700.0,88.7,0,Aggressive
21,40600.0,2252.13,0,681,13900.0,372.82,4000.0,0.0,40,0.1102,0.2242,1.78,-9900.0,50.3,0,Aggressive
64,83600.0,3956.91,1,768,0.0,0.0,124800.0,332600.0,7,0.0,0.432,31.54,457400.0,94.1,0,Balanced
28,220700.0,9776.76,1,737,0.0,0.0,48300.0,40500.0,40,0.0,0.4684,4.94,88800.0,80.7,0,Aggressive
44,33100.0,1578.19,3,668,19400.0,298.47,11100.0,15500.0,26,0.1082,0.3196,7.03,7200.0,71.2,0,Aggressive
31,32400.0,1946.7,3,622,59600.0,923.23,5300.0,0.0,33,0.3419,-0.0629,2.72,-54300.0,22.6,0,Balanced
71,28800.0,1118.85,0,734,0.0,0.0,46200.0,102900.0,2,0.0,0.5338,36.0,149100.0,91.7,0,Moderate
37,26900.0,1121.15,1,751,19600.0,554.45,11000.0,0.0,29,0.2473,0.2525,9.81,-8600.0,72.0,0,Balanced
28,128400.0,9161.48,2,755,76600.0,1524.37,29600.0,0.0,40,0.1425,0.0013,3.23,-47000.0,41.6,0,Balanced
55,150600.0,8793.77,0,804,72800.0,1505.94,36800.0,0.0,10,0.12,0.1793,4.18,-36000.0,62.0,0,Moderate
55,73000.0,4375.81,1,732,0.0,0.0,22300.0,13400.0,15,0.0,0.2807,5.1,35700.0,71.8,0,Moderate
53,51200.0,2976.53,0,722,0.0,0.0,22200.0,53700.0,19,0.0,0.3024,7.46,75900.0,79.3,0,Balanced
25,177200.0,11925.1,1,743,0.0,0.0,7700.0,0.0,39,0.0,0.1924,0.65,7700.0,53.6,0,Aggressive
62,72800.0,4181.82,2,708,32800.0,640.21,90500.0,171500.0,3,0.1055,0.2052,21.64,229200.0,71.0,0,Moderate
59,120500.0,4700.48,0,738,50100.0,795.13,44700.0,119800.0,10,0.0792,0.4527,9.51,114400.0,88.8,0,Balanced
61,49800.0,3008.27,0,782,16100.0,273.62,43400.0,113300.0,4,0.0659,0.2092,14.43,140600.0,78.2,0,Moderate
48,67800.0,4503.57,3,768,0.0,0.0,10800.0,0.0,17,0.0,0.2029,2.4,10800.0,61.0,0,Moderate
27,33500.0,1746.81,2,716,34300.0,777.67,1700.0,0.0,40,0.2786,0.0957,0.97,-32600.0,34.2,0,Aggressive
29,93500.0,5371.79,3,608,144600.0,2799.38,7300.0,0.0,40,0.3593,-0.0487,1.36,-137300.0,17.1,1,Balanced
28,73500.0,3580.07,1,781,0.0,0.0,20700.0,0.0,39,0.0,0.4155,5.78,20700.0,86.1,0,Aggressive
32,40500.0,2537.92,0,724,16000.0,425.6,13100.0,44900.0,37,0.1261,0.1219,5.16,42000.0,54.4,0,Aggressive
54,40800.0,1759.2,0,651,0.0,0.0,28900.0,44400.0,12,0.0,0.4826,16.43,73300.0,85.8,0,Balanced
53,160900.0,10262.65,0,664,40300.0,1101.38,148800.0,486400.0,14,0.0821,0.1525,14.5,594900.0,64.9,0,Moderate
68,195700.0,12135.17,0,707,27600.0,532.36,291400.0,939700.0,2,0.0326,0.2232,24.01,1203500.0,75.2,0,Moderate
43,58900.0,3299.42,1,706,66800.0,1129.57,21800.0,0.0,24,0.2301,0.0977,6.61,-45000.0,51.2,0,Moderate
44,68700.0,3503.29,0,722,0.0,0.0,20900.0,26400.0,20,0.0,0.3881,5.97,47300.0,81.5,0,Balanced
57,82500.0,3905.25,1,653,0.0,0.0,33900.0,95300.0,10,0.0,0.432,8.68,129200.0,85.0,0,Conservative
55,71800.0,2556.89,1,686,89300.0,2767.25,9100.0,10800.0,12,0.4625,0.1102,3.56,-69400.0,32.9,1,Conservative
64,26300.0,1032.38,1,817,13700.0,205.6,14700.0,30300.0,5,0.0938,0.4351,14.24,31300.0,93.9,0,Moderate
60,83700.0,4754.81,0,824,0.0,0.0,51600.0,42900.0,12,0.0,0.3183,10.85,94500.0,92.0,0,Balanced
42,24000.0,1137.23,0,753,5300.0,104.68,2100.0,0.0,27,0.0523,0.379,1.85,-3200.0,69.5,0,Balanced
47,44200.0,1767.76,1,627,27100.0,796.29,30500.0,22400.0,22,0.2162,0.3039,17.25,25800.0,68.2,0,Aggressive
55,87400.0,3828.01,1,711,19300.0,309.24,85600.0,115600.0,15,0.0425,0.432,22.36,181900.0,88.4,0,Aggressive
21,92000.0,5820.03,0,737,0.0,0.0,3400.0,0.0,40,0.0,0.2409,0.58,3400.0,56.6,0,Balanced
55,42400.0,1861.55,0,563,80600.0,1347.93,31300.0,108700.0,9,0.3815,0.0917,16.81,59400.0,41.1,1,Moderate
57,51400.0,3354.16,1,699,68900.0,1956.35,49400.0,62500.0,14,0.4567,-0.2,14.73,43000.0,40.9,1,Moderate
67,47700.0,1994.87,0,724,0.0,0.0,29000.0,55700.0,2,0.0,0.4981,14.54,84700.0,91.0,0,Moderate
34,62500.0,3319.21,1,742,33000.0,736.45,21400.0,0.0,38,0.1414,0.2213,6.45,-11600.0,66.1,0,Balanced
23,65200.0,2109.17,0,790,32600.0,644.26,2900.0,0.0,40,0.1186,0.4932,1.37,-29700.0,69.8,0,Balanced
21,95600.0,4690.38,0,797,17800.0,521.6,1800.0,0.0,40,0.0655,0.3458,0.38,-16000.0,65.6,0,Aggressive
25,49800.0,2634.32,0,821,0.0,0.0,5100.0,0.0,40,0.0,0.3652,1.94,5100.0,75.7,0,Balanced
46,81300.0,3480.47,1,760,69800.0,1902.82,35600.0,33500.0,26,0.2809,0.2054,10.23,-700.0,67.7,0,Balanced
34,87500.0,4751.07,1,762,5400.0,121.92,9000.0,24900.0,35,0.0167,0.3317,1.89,28500.0,68.2,0,Balanced
59,73800.0,3929.03,0,742,44800.0,1432.45,52000.0,135200.0,13,0.2329,0.1282,13.23,142400.0,62.6,0,Moderate
47,57400.0,3131.91,0,750,52900.0,1343.33,50700.0,55400.0,20,0.2808,0.0644,16.19,53200.0,56.5,0,Balanced
29,73100.0,4450.34,1,743,0.0,0.0,16800.0,0.0,37,0.0,0.2694,3.77,16800.0,68.0,0,Balanced
35,100100.0,4208.67,0,570,227300.0,5030.57,29800.0,0.0,31,0.6031,-0.1076,7.08,-197500.0,24.7,1,Balanced
35,105000.0,5662.22,1,783,4100.0,66.12,43800.0,111400.0,36,0.0076,0.3453,7.74,151100.0,87.3,0,Aggressive
46,179600.0,11563.72,0,750,167900.0,3333.85,122600.0,243800.0,19,0.2228,0.0046,10.6,198500.0,54.3,0,Balanced
62,38400.0,2621.62,2,769,13300.0,277.12,5800.0,3700.0,7,0.0866,0.0941,2.21,-3800.0,48.9,0,Moderate
33,51900.0,3291.61,0,779,0.0,0.0,22400.0,0.0,39,0.0,0.2389,6.81,22400.0,76.8,0,Aggressive
71,27200.0,1211.43,0,695,7300.0,213.49,37200.0,80600.0,2,0.0942,0.3714,30.71,110500.0,83.0,0,Moderate
52,110400.0,6391.9,0,779,66600.0,1012.09,42100.0,112600.0,19,0.11,0.1952,6.59,88100.0,68.5,0,Balanced
59,55100.0,2883.38,0,725,0.0,0.0,42000.0,36900.0,12,0.0,0.372,14.57,78900.0,89.0,0,Moderate
69,74100.0,3044.86,2,668,78700.0,1479.58,71700.0,191000.0,2,0.2396,0.2673,23.55,184000.0,67.5,0,Moderate
52,47500.0,2967.14,1,720,55700.0,1138.6,10200.0,17800.0,18,0.2876,-0.0372,3.44,-27700.0,33.8,0,Conservative
24,55300.0,2999.29,0,746,0.0,0.0,2400.0,0.0,40,0.0,0.3492,0.8,2400.0,66.0,0,Aggressive
50,129700.0,4967.15,0,692,8400.0,233.06,12900.0,29600.0,22,0.0216,0.5189,2.6,34100.0,70.1,0,Moderate
57,96900.0,3649.06,1,771,59600.0,1857.14,110600.0,173100.0,9,0.23,0.3181,30.31,224100.0,79.0,0,Balanced
43,62200.0,3912.43,1,570,0.0,0.0,4000.0,4400.0,21,0.0,0.2452,1.02,8400.0,46.2,0,Conservative
59,100900.0,3460.54,0,763,0.0,0.0,51500.0,151800.0,12,0.0,0.5884,14.88,203300.0,93.8,0,Balanced
65,102200.0,4228.88,2,695,18500.0,342.42,22700.0,49500.0,5,0.0402,0.4633,5.37,53700.0,77.2,0,Conservative
35,53400.0,2629.79,1,787,13000.0,400.54,23000.0,79600.0,30,0.09,0.319,8.75,89600.0,85.1,0,Aggressive
63,29500.0,1263.38,2,711,0.0,0.0,38400.0,62200.0,7,0.0,0.4861,30.39,100600.0,90.1,0,Balanced
49,40400.0,3048.41,4,612,20100.0,501.01,19600.0,0.0,19,0.1488,-0.0543,6.43,-500.0,39.9,0,Moderate
56,31700.0,1606.43,1,638,38400.0,1144.43,7000.0,16600.0,14,0.4332,-0.0413,4.36,-14800.0,24.6,1,Conservative
33,125500.0,6773.45,1,728,0.0,0.0,32300.0,0.0,37,0.0,0.3523,4.77,32300.0,76.0,0,Aggressive
52,138100.0,8645.55,0,741,6200.0,155.19,118200.0,320400.0,13,0.0135,0.2353,13.67,432400.0,79.3,0,Moderate
27,158300.0,8866.19,2,814,75600.0,1199.09,30600.0,0.0,38,0.0909,0.237,3.45,-45000.0,66.2,0,Aggressive
71,24000.0,1122.87,1,700,22000.0,634.65,29900.0,64300.0,2,0.3173,0.1212,26.63,72200.0,55.7,0,Conservative
42,119300.0,6947.85,0,690,14100.0,277.28,28100.0,57000.0,24,0.0279,0.2732,4.04,71000.0,64.2,0,Aggressive
48,223400.0,10372.09,0,775,155900.0,4958.99,33400.0,51000.0,19,0.2664,0.1765,3.22,-71500.0,51.2,0,Moderate
22,122000.0,5158.44,0,746,33200.0,1018.38,3200.0,0.0,40,0.1002,0.3924,0.62,-30000.0,64.7,0,Aggressive
62,24000.0,1418.58,1,620,0.0,0.0,27400.0,0.0,3,0.0,0.2907,19.32,27400.0,75.4,0,Conservative
65,175000.0,11384.37,2,608,0.0,0.0,141300.0,206700.0,2,0.0,0.2194,12.41,348000.0,69.2,0,Moderate
26,67700.0,3930.47,0,651,65000.0,1822.08,9100.0,0.0,40,0.323,-0.0197,2.32,-55900.0,24.3,0,Balanced
48,58200.0,3739.69,0,686,45000.0,774.92,46400.0,126000.0,16,0.1598,0.0692,12.41,127400.0,57.1,0,Balanced
48,84800.0,5474.31,2,713,0.0,0.0,66900.0,46900.0,18,0.0,0.2253,12.22,113800.0,77.1,0,Balanced
64,37200.0,2132.72,0,680,11400.0,176.21,14400.0,20700.0,3,0.0568,0.2552,6.75,23700.0,68.5,0,Conservative
64,66300.0,4436.54,2,670,90100.0,2339.48,12200.0,30000.0,4,0.4234,-0.2,2.75,-47900.0,22.8,1,Conservative
40,161300.0,5108.83,0,810,0.0,0.0,111300.0,125400.0,26,0.0,0.6199,21.79,236700.0,97.1,0,Balanced
50,93200.0,4077.29,0,827,26500.0,823.8,103900.0,230300.0,22,0.1061,0.369,25.48,307700.0,91.8,0,Balanced
31,68300.0,4297.44,2,740,20700.0,552.08,15300.0,0.0,37,0.097,0.148,3.56,-5400.0,54.3,0,Aggressive
48,69500.0,4053.52,2,668,0.0,0.0,53300.0,161500.0,22,0.0,0.3001,13.15,214800.0,79.5,0,Aggressive
45,34600.0,1415.8,1,805,20100.0,607.48,9400.0,0.0,25,0.2107,0.2983,6.64,-10700.0,74.2,0,Moderate
59,60900.0,2951.08,2,685,11800.0,364.84,13800.0,16400.0,13,0.0719,0.3466,4.68,18400.0,69.3,0,Moderate
53,26900.0,1153.82,0,729,1600.0,37.36,16000.0,33400.0,12,0.0167,0.4686,13.87,47800.0,90.7,0,Moderate
21,116100.0,5873.99,0,792,42900.0,723.57,12200.0,0.0,40,0.0748,0.3181,2.08,-30700.0,67.5,0,Aggressive
47,24000.0,1505.28,1,841,0.0,0.0,17000.0,49200.0,20,0.0,0.2474,11.29,66200.0,87.9,0,Aggressive
33,105900.0,8057.2,4,723,0.0,0.0,30400.0,0.0,38,0.0,0.087,3.77,30400.0,52.9,0,Aggressive
61,113400.0,6426.35,0,675,15200.0,391.19,14300.0,40200.0,3,0.0414,0.2786,2.23,39300.0,57.9,0,Conservative
23,136700.0,8169.88,0,730,114000.0,3627.23,6000.0,0.0,40,0.3184,-0.0356,0.73,-108000.0,25.7,1,Aggressive
59,69400.0,3285.16,0,747,0.0,0.0,87300.0,262300.0,9,0.0,0.432,26.57,349600.0,92.6,0,Moderate
26,109600.0,5259.98,1,693,110000.0,2391.2,4300.0,0.0,40,0.2618,0.1623,0.82,-105700.0,37.8,0,Balanced
28,60600.0,2914.27,1,746,15600.0,264.09,12400.0,0.0,40,0.0523,0.3706,4.25,-3200.0,75.1,0,Aggressive
47,34500.0,2260.94,4,761,27000.0,503.59,25300.0,29700.0,25,0.1752,0.0384,11.19,28000.0,59.5,0,Aggressive
29,153600.0,6012.09,1,777,65800.0,1181.41,37100.0,97700.0,37,0.0923,0.438,6.17,69000.0,83.2,0,Balanced
57,62700.0,3405.64,1,766,32500.0,684.2,80400.0,256400.0,10,0.1309,0.2173,23.61,304300.0,75.1,0,Moderate
53,30500.0,1743.72,1,715,22200.0,663.79,15100.0,0.0,11,0.2612,0.0528,8.66,-7100.0,52.9,0,Balanced
71,51200.0,2370.4,0,582,0.0,0.0,49200.0,152200.0,2,0.0,0.4444,20.76,201400.0,80.9,0,Moderate
62,52300.0,3317.85,0,704,19900.0,490.41,18400.0,53300.0,6,0.1125,0.1262,5.55,51800.0,55.0,0,Moderate
64,85300.0,4430.52,0,770,3100.0,55.94,59400.0,93200.0,7,0.0079,0.3688,13.41,149500.0,91.6,0,Moderate
44,240600.0,10987.4,2,658,170400.0,3983.68,92700.0,238000.0,20,0.1987,0.2533,8.44,160300.0,65.8,0,Balanced
35,88200.0,4201.9,0,779,37600.0,1122.42,13200.0,0.0,29,0.1527,0.2756,3.14,-24400.0,63.2,0,Moderate
52,74100.0,4014.75,0,728,67100.0,1888.79,72200.0,212300.0,14,0.3059,0.044,17.98,217400.0,52.3,0,Moderate
52,255400.0,11694.16,1,734,29700.0,486.49,202900.0,501600.0,20,0.0229,0.4277,17.35,674800.0,90.8,0,Aggressive
44,113400.0,4270.05,1,759,103700.0,3075.25,32400.0,58900.0,28,0.3254,0.2227,7.59,-12400.0,63.3,0,Aggressive
61,76100.0,4143.48,1,638,40500.0,796.03,18800.0,58200.0,3,0.1255,0.2211,4.54,36500.0,54.0,0,Conservative
69,50800.0,3552.39,2,727,24000.0,631.61,28700.0,26300.0,2,0.1492,0.0117,8.08,31000.0,53.6,0,Conservative
69,78700.0,4027.01,1,701,0.0,0.0,80900.0,245700.0,2,0.0,0.386,20.09,326600.0,88.3,0,Balanced
32,63800.0,4372.66,2,605,87700.0,2321.33,17800.0,0.0,33,0.4366,-0.2,4.07,-69900.0,21.3,1,Balanced
59,69600.0,4605.25,2,553,121600.0,1897.8,37400.0,103200.0,8,0.3272,-0.1212,8.12,19000.0,33.3,1,Moderate
22,136300.0,4985.91,0,764,120800.0,3045.48,3000.0,6700.0,40,0.2681,0.2929,0.6,-111100.0,51.8,0,Aggressive
23,49200.0,2719.4,0,726,21600.0,561.19,1800.0,0.0,40,0.1369,0.1999,0.66,-19800.0,47.5,0,Balanced
69,87800.0,4054.8,0,743,0.0,0.0,58400.0,101400.0,2,0.0,0.4458,14.4,159800.0,92.4,0,Moderate
57,111500.0,4832.58,1,736,94200.0,2913.47,92500.0,286100.0,13,0.3136,0.1663,19.14,284400.0,61.8,0,Balanced
69,46000.0,2663.31,1,810,0.0,0.0,25800.0,37100.0,2,0.0,0.3052,9.69,62900.0,90.0,0,Conservative
37,42100.0,2515.7,1,644,70900.0,2138.28,6300.0,0.0,28,0.6095,-0.2,2.5,-64600.0,17.2,1,Moderate
69,60900.0,2293.69,0,604,0.0,0.0,28500.0,40000.0,3,0.0,0.548,12.43,68500.0,82.4,0,Conservative
22,51300.0,3359.2,1,787,29000.0,786.96,4000.0,0.0,40,0.1841,0.0301,1.19,-25000.0,38.7,0,Balanced
22,124700.0,7071.1,0,671,20000.0,521.53,7200.0,0.0,40,0.0502,0.2694,1.02,-12800.0,53.2,0,Aggressive
48,38100.0,2391.89,0,598,40200.0,717.98,24900.0,0.0,21,0.2261,0.0205,10.41,-15300.0,44.5,0,Balanced
43,68700.0,3359.6,2,716,13300.0,271.63,37400.0,112000.0,25,0.0474,0.3657,11.13,136100.0,86.0,0,Aggressive
57,268400.0,17797.92,1,605,368900.0,8855.24,190800.0,0.0,8,0.3959,-0.1916,10.72,-178100.0,36.7,0,Moderate
52,83000.0,3647.9,0,800,35800.0,1052.19,21900.0,21600.0,18,0.1521,0.3205,6.0,7700.0,76.0,0,Moderate
53,91000.0,3348.71,1,731,8900.0,277.97,13400.0,28800.0,12,0.0367,0.5218,4.0,33300.0,76.1,0,Moderate
21,125300.0,7154.5,0,780,36200.0,555.67,8600.0,0.0,40,0.0532,0.2616,1.2,-27600.0,60.8,0,Aggressive
39,51300.0,2827.5,0,779,18100.0,379.98,5200.0,16100.0,30,0.0889,0.2497,1.84,3200.0,60.2,0,Moderate
22,36500.0,1883.29,0,713,13100.0,345.3,1700.0,0.0,40,0.1135,0.2673,0.9,-11400.0,53.2,0,Moderate
64,72900.0,3498.94,0,689,7900.0,189.37,10800.0,32900.0,3,0.0312,0.3929,3.09,35800.0,70.3,0,Conservative
46,76600.0,2507.8,0,770,23900.0,741.65,17200.0,45000.0,23,0.1162,0.4909,6.86,38300.0,83.7,0,Balanced
52,27200.0,1427.63,0,813,13300.0,203.34,6000.0,11400.0,20,0.0897,0.2805,4.2,4100.0,71.5,0,Moderate
26,81300.0,4517.12,3,737,35500.0,796.68,13400.0,0.0,40,0.1176,0.2157,2.97,-22100.0,56.7,0,Aggressive
52,119200.0,6397.9,1,746,0.0,0.0,52100.0,87800.0,17,0.0,0.3559,8.14,139900.0,86.9,0,Moderate
24,40000.0,1839.1,0,733,44100.0,824.62,800.0,0.0,40,0.2474,0.2009,0.43,-43300.0,43.0,0,Balanced
31,84100.0,5932.01,2,778,5400.0,147.63,10700.0,35800.0,37,0.0211,0.1325,1.8,41100.0,54.0,0,Balanced
37,108100.0,5960.31,1,633,156700.0,2566.88,37700.0,69800.0,27,0.2849,0.0534,6.33,-49200.0,39.7,0,Balanced
58,91400.0,5177.01,0,753,47200.0,1069.91,91700.0,301700.0,14,0.1405,0.1798,17.71,346200.0,70.9,0,Moderate
44,96200.0,6048.89,0,743,100100.0,2652.25,15200.0,0.0,23,0.3308,-0.0854,2.51,-84900.0,31.1,0,Moderate
25,57800.0,2970.15,0,566,56100.0,1095.91,6000.0,17900.0,40,0.2275,0.1558,2.02,-32200.0,32.9,1,Aggressive
54,35600.0,1141.65,0,774,22600.0,367.37,18100.0,41000.0,18,0.1238,0.4913,15.85,36500.0,89.6,0,Moderate
26,51700.0,2040.93,2,761,5200.0,162.6,7600.0,0.0,40,0.0377,0.4885,3.72,2400.0,77.5,0,Aggressive
42,47900.0,2638.23,0,765,42200.0,1288.58,25800.0,38000.0,24,0.3228,0.0162,9.78,21600.0,52.2,0,Moderate
31,63300.0,2804.37,1,614,46600.0,1432.87,15800.0,0.0,34,0.2716,0.1967,5.63,-30800.0,47.7,0,Aggressive
68,120700.0,6555.54,1,795,48000.0,1518.46,152100.0,82200.0,2,0.151,0.1973,23.2,186300.0,74.8,0,Conservative
36,32200.0,1236.78,0,835,2500.0,45.35,2300.0,0.0,33,0.0169,0.5222,1.86,-200.0,78.4,0,Moderate
53,71600.0,2912.33,0,732,79800.0,1411.04,44200.0,112000.0,19,0.2365,0.2754,15.18,76400.0,72.8,0,Moderate
29,36900.0,2281.21,4,584,0.0,0.0,2100.0,0.0,39,0.0,0.2581,0.92,2100.0,47.9,0,Balanced
26,44000.0,3264.17,3,827,0.0,0.0,9700.0,0.0,40,0.0,0.1098,2.97,9700.0,59.8,0,Balanced
36,90000.0,5298.81,2,694,24100.0,669.91,14500.0,0.0,32,0.0893,0.2042,2.74,-9600.0,53.2,0,Aggressive
49,34400.0,2162.78,0,697,20600.0,530.77,14900.0,0.0,16,0.1852,0.0604,6.89,-5700.0,50.3,0,Conservative
23,99100.0,6307.32,0,732,28500.0,876.96,3100.0,0.0,40,0.1062,0.1301,0.49,-25400.0,43.4,0,Balanced
40,31500.0,1321.02,1,671,16600.0,411.29,4000.0,0.0,32,0.1567,0.3401,3.03,-12600.0,59.9,0,Balanced
56,95500.0,4014.8,0,811,0.0,0.0,80800.0,114100.0,14,0.0,0.4955,20.13,194900.0,97.2,0,Moderate
39,28200.0,1804.79,2,669,30600.0,551.0,8800.0,23300.0,27,0.2345,-0.0025,4.88,1500.0,36.2,0,Balanced
46,47100.0,3009.32,1,799,0.0,0.0,19100.0,50200.0,23,0.0,0.2333,6.35,69300.0,76.5,0,Moderate
23,187800.0,9197.36,0,745,92900.0,1879.38,3600.0,0.0,40,0.1201,0.2922,0.39,-89300.0,55.7,0,Aggressive
39,169300.0,10966.27,0,789,0.0,0.0,87900.0,138200.0,33,0.0,0.2227,8.02,226100.0,79.6,0,Balanced
40,52700.0,1864.83,1,704,34600.0,987.7,3000.0,8800.0,25,0.2249,0.3505,1.61,-22800.0,56.3,0,Conservative
52,82000.0,3688.89,1,776,25100.0,458.11,46800.0,155000.0,15,0.067,0.3931,12.69,176700.0,91.5,0,Moderate
27,128300.0,6727.89,0,795,50600.0,1382.96,21600.0,67200.0,37,0.1293,0.2414,3.21,38200.0,62.9,0,Aggressive
61,96300.0,4876.92,1,816,0.0,0.0,70400.0,86500.0,9,0.0,0.3923,14.44,156900.0,97.0,0,Moderate
53,56900.0,2212.66,1,682,85200.0,2725.91,11700.0,21500.0,14,0.5749,-0.0415,5.29,-52000.0,27.7,1,Moderate
60,43800.0,1923.97,0,689,0.0,0.0,44000.0,67200.0,8,0.0,0.4729,22.87,111200.0,88.5,0,Balanced
59,106700.0,3469.34,0,770,79400.0,2498.89,55700.0,146100.0,5,0.281,0.3288,16.05,122400.0,77.7,0,Moderate
38,123200.0,6540.88,0,798,59700.0,1242.95,16700.0,50000.0,27,0.1211,0.2418,2.55,7000.0,61.7,0,Moderate
60,170000.0,10442.21,0,815,0.0,0.0,148900.0,170800.0,7,0.0,0.2629,14.26,319700.0,87.2,0,Moderate
21,26200.0,1602.46,0,751,0.0,0.0,500.0,0.0,40,0.0,0.266,0.31,500.0,58.7,0,Aggressive
31,33200.0,1936.16,1,766,0.0,0.0,4900.0,0.0,33,0.0,0.3002,2.53,4900.0,68.5,0,Aggressive
48,125400.0,6335.92,1,811,10800.0,252.41,100400.0,116000.0,16,0.0242,0.3695,15.85,205600.0,94.0,0,Aggressive
45,28200.0,1468.31,1,796,0.0,0.0,23600.0,38100.0,24,0.0,0.3752,16.07,61700.0,94.3,0,Aggressive
70,130800.0,5174.97,1,824,0.0,0.0,154200.0,125500.0,2,0.0,0.5252,29.8,279700.0,98.1,0,Moderate
43,58800.0,2726.39,1,726,17600.0,548.13,12700.0,29100.0,23,0.1119,0.3317,4.66,24200.0,69.5,0,Moderate
51,49700.0,1884.84,0,735,0.0,0.0,14800.0,14900.0,17,0.0,0.5449,7.85,29700.0,88.6,0,Balanced
50,74100.0,4621.86,1,689,28400.0,905.63,44600.0,115000.0,16,0.1467,0.1049,9.65,131200.0,60.5,0,Balanced
62,31600.0,1964.21,0,800,12100.0,228.67,22100.0,59900.0,7,0.0868,0.1673,11.25,69900.0,75.5,0,Moderate
55,104100.0,5506.62,1,750,40100.0,743.37,30700.0,59500.0,15,0.0857,0.2795,5.58,50100.0,70.9,0,Moderate
27,167600.0,9931.78,1,803,16600.0,402.74,34700.0,27100.0,40,0.0288,0.2601,3.49,45200.0,69.7,0,Balanced
36,106800.0,4882.41,3,686,13900.0,407.48,14300.0,33400.0,29,0.0458,0.4056,2.93,33800.0,69.6,0,Balanced
46,57800.0,3388.11,2,662,37400.0,1037.53,17200.0,27800.0,26,0.2154,0.0812,5.08,7600.0,43.2,0,Balanced
68,28400.0,1753.98,2,747,2500.0,68.25,6500.0,21800.0,2,0.0288,0.23,3.71,25800.0,64.0,0,Conservative
69,29000.0,1356.01,0,823,2100.0,41.59,38800.0,79100.0,2,0.0172,0.4217,28.61,115800.0,97.4,0,Moderate
22,31800.0,1264.87,0,741,6100.0,93.83,1300.0,0.0,40,0.0354,0.4873,1.03,-4800.0,68.7,0,Balanced
21,65700.0,4001.95,0,752,2600.0,46.15,2300.0,0.0,40,0.0084,0.2606,0.57,-300.0,58.8,0,Aggressive
68,70400.0,4207.36,1,751,13500.0,282.7,41900.0,118900.0,2,0.0482,0.2346,9.96,147300.0,78.6,0,Moderate
32,106700.0,8001.99,4,778,54000.0,1702.01,40300.0,39600.0,40,0.1914,-0.0914,5.04,25900.0,46.2,0,Aggressive
25,24600.0,1450.09,0,690,0.0,0.0,2200.0,0.0,40,0.0,0.2926,1.52,2200.0,59.7,0,Aggressive
57,136100.0,8802.83,0,761,0.0,0.0,40000.0,109200.0,13,0.0,0.2239,4.54,149200.0,68.0,0,Moderate
52,96900.0,4012.22,1,739,12400.0,338.96,83100.0,46700.0,19,0.042,0.4612,20.71,117400.0,90.4,0,Balanced
29,55300.0,1911.07,0,774,36100.0,896.84,4800.0,0.0,40,0.1946,0.3907,2.51,-31300.0,68.1,0,Balanced
61,34400.0,1475.76,0,711,2000.0,31.69,21200.0,53700.0,3,0.0111,0.4741,14.37,72900.0,89.6,0,Moderate
55,131500.0,4729.63,0,587,214300.0,4568.66,74600.0,199600.0,17,0.4169,0.1515,15.77,59900.0,45.9,0,Moderate
39,56100.0,3128.75,2,778,0.0,0.0,23500.0,71400.0,30,0.0,0.3307,7.51,94900.0,85.5,0,Balanced
68,65400.0,3669.0,1,654,28800.0,758.84,13800.0,23400.0,2,0.1392,0.1876,3.76,8400.0,49.9,0,Conservative
36,81700.0,4434.37,1,760,12100.0,242.16,38600.0,64400.0,28,0.0356,0.3131,8.7,90900.0,84.8,0,Aggressive
23,40000.0,1612.32,0,723,13600.0,419.9,2400.0,0.0,40,0.126,0.3903,1.49,-11200.0,64.3,0,Balanced
40,56700.0,3702.18,1,765,0.0,0.0,39300.0,108900.0,25,0.0,0.2165,10.62,148200.0,80.2,0,Balanced
44,106500.0,4157.66,2,618,34400.0,661.34,53500.0,129600.0,25,0.0745,0.457,12.87,148700.0,80.4,0,Aggressive
53,100700.0,4692.66,1,753,103000.0,2099.07,113600.0,168400.0,15,0.2501,0.1907,24.21,179000.0,67.4,0,Balanced
44,101200.0,5967.4,1,594,76100.0,2114.21,32900.0,0.0,24,0.2507,0.0417,5.51,-43200.0,35.1,0,Balanced
31,35100.0,2008.81,0,754,33200.0,859.38,2800.0,0.0,38,0.2938,0.0194,1.39,-30400.0,31.7,1,Balanced
69,58100.0,2645.72,0,712,0.0,0.0,69500.0,146200.0,2,0.0,0.4536,26.27,215700.0,90.1,0,Moderate
28,53200.0,1891.99,1,753,11900.0,237.64,11700.0,0.0,40,0.0536,0.5196,6.18,-200.0,83.1,0,Aggressive
56,83600.0,4369.62,0,675,76500.0,1572.57,80300.0,77000.0,15,0.2257,0.1471,18.38,80800.0,59.5,0,Moderate
58,79600.0,2953.41,1,727,8100.0,176.13,36200.0,110500.0,10,0.0266,0.5282,12.26,138600.0,90.2,0,Balanced
60,72100.0,2542.38,0,681,89300.0,1625.8,49500.0,173100.0,9,0.2706,0.3063,19.47,133300.0,70.1,0,Moderate
40,256800.0,13698.15,0,762,114000.0,3049.24,155500.0,234300.0,31,0.1425,0.2174,11.35,275800.0,74.3,0,Aggressive
55,56400.0,2373.48,0,771,36200.0,745.68,60900.0,101100.0,10,0.1587,0.3363,25.66,125800.0,83.2,0,Moderate
68,52900.0,2288.86,0,602,22500.0,462.29,7500.0,7200.0,2,0.1049,0.3759,3.28,-7800.0,60.4,0,Moderate
45,35000.0,1909.61,2,649,40300.0,789.04,18100.0,21800.0,21,0.2705,0.0747,9.48,-400.0,50.4,0,Aggressive
55,28400.0,1825.72,0,797,12500.0,283.73,23000.0,40800.0,17,0.1199,0.1087,12.6,51300.0,69.6,0,Balanced
45,33800.0,2496.06,3,688,0.0,0.0,4200.0,5700.0,25,0.0,0.1138,1.68,9900.0,46.6,0,Moderate
49,44600.0,2179.84,1,821,0.0,0.0,45400.0,118200.0,17,0.0,0.4135,20.83,163600.0,97.9,0,Balanced
38,136000.0,5963.6,1,653,0.0,0.0,35900.0,0.0,33,0.0,0.4738,6.02,35900.0,77.7,0,Balanced
66,67600.0,3047.84,1,765,61500.0,1571.96,76300.0,226400.0,2,0.279,0.1799,25.03,241200.0,66.3,0,Conservative
38,73600.0,3480.74,2,789,49900.0,986.39,42600.0,113900.0,33,0.1608,0.2717,12.24,106600.0,79.6,0,Balanced
22,62800.0,3102.83,0,683,56000.0,1539.58,1400.0,0.0,40,0.2942,0.1129,0.45,-54600.0,31.0,0,Balanced
55,80900.0,4468.0,1,773,31700.0,496.71,86800.0,75500.0,13,0.0737,0.2636,19.43,130600.0,81.3,0,Moderate
36,143100.0,7339.98,1,635,0.0,0.0,49700.0,158400.0,31,0.0,0.3845,6.77,208100.0,77.3,0,Aggressive
61,24000.0,1086.4,0,774,0.0,0.0,29700.0,87900.0,3,0.0,0.4568,27.34,117600.0,94.6,0,Balanced
56,129300.0,5867.14,2,697,0.0,0.0,79600.0,151500.0,11,0.0,0.4555,13.57,231100.0,89.1,0,Balanced
53,24000.0,1306.0,2,805,900.0,15.0,3300.0,0.0,16,0.0075,0.3395,2.53,2400.0,74.0,0,Moderate
24,67200.0,2892.07,0,717,0.0,0.0,6100.0,0.0,40,0.0,0.4836,2.11,6100.0,71.4,0,Balanced
53,220900.0,10983.11,0,781,0.0,0.0,111000.0,132300.0,12,0.0,0.4034,10.11,243300.0,95.1,0,Balanced
34,96200.0,5211.44,0,669,17700.0,486.6,18600.0,0.0,38,0.0607,0.2892,3.57,900.0,61.3,0,Aggressive
41,81200.0,4285.5,0,774,16100.0,259.02,29400.0,96200.0,23,0.0383,0.3284,6.86,109500.0,81.7,0,Balanced
68,199000.0,10032.85,1,711,257900.0,5616.54,166200.0,486400.0,2,0.3387,0.0563,16.57,394700.0,50.7,0,Moderate
40,45000.0,2559.08,2,634,71500.0,1177.24,18000.0,46400.0,27,0.3139,0.0036,7.03,-7100.0,36.8,0,Balanced
28,84000.0,3737.6,1,700,0.0,0.0,16100.0,0.0,37,0.0,0.4661,4.31,16100.0,76.3,0,Aggressive
27,90900.0,2951.95,0,783,12900.0,318.61,18100.0,0.0,40,0.0421,0.5682,6.13,5200.0,85.6,0,Aggressive
23,49600.0,2604.03,0,723,14700.0,440.13,4000.0,0.0,40,0.1065,0.2635,1.54,-10700.0,55.7,0,Aggressive
37,52100.0,2609.46,3,804,21700.0,429.88,26700.0,0.0,28,0.099,0.3,10.23,5000.0,85.3,0,Balanced
53,49100.0,2813.35,1,731,30200.0,773.06,10600.0,20300.0,12,0.1889,0.1235,3.77,700.0,48.7,0,Moderate
68,69400.0,3925.75,0,776,19500.0,347.08,100500.0,337700.0,2,0.06,0.2612,25.6,418700.0,81.9,0,Moderate
32,89400.0,5560.46,0,708,0.0,0.0,15200.0,0.0,36,0.0,0.2536,2.73,15200.0,61.5,0,Balanced
71,70800.0,4503.17,0,692,93300.0,2901.91,64900.0,46000.0,2,0.4918,-0.2,14.41,17600.0,39.0,1,Conservative
42,97800.0,3457.31,1,809,0.0,0.0,38300.0,0.0,23,0.0,0.5758,11.08,38300.0,97.1,0,Balanced
42,24000.0,1552.3,0,707,0.0,0.0,8900.0,0.0,22,0.0,0.2238,5.73,8900.0,67.5,0,Balanced
66,58700.0,3390.94,1,739,11900.0,229.42,31500.0,85400.0,2,0.0469,0.2599,9.29,105000.0,79.7,0,Moderate
50,37700.0,2253.86,2,675,0.0,0.0,8300.0,22500.0,15,0.0,0.2826,3.68,30800.0,63.9,0,Moderate
58,78100.0,2512.77,0,816,7500.0,132.48,19900.0,16600.0,6,0.0204,0.5936,7.92,29000.0,93.8,0,Moderate
58,77500.0,4679.02,0,785,30700.0,644.97,52500.0,0.0,14,0.0999,0.1756,11.22,21800.0,74.5,0,Balanced
65,62100.0,2267.67,0,639,54600.0,958.82,16200.0,21700.0,2,0.1853,0.3765,7.14,-16700.0,70.6,0,Conservative
71,87600.0,5219.0,0,704,106800.0,3045.96,44300.0,50000.0,2,0.4173,-0.1322,8.49,-12500.0,41.5,0,Conservative
28,114600.0,3688.45,0,690,54100.0,885.77,6000.0,0.0,40,0.0928,0.521,1.63,-48100.0,64.4,0,Balanced
47,64000.0,3618.06,1,760,0.0,0.0,11000.0,0.0,21,0.0,0.3216,3.04,11000.0,71.1,0,Moderate
47,37100.0,1959.87,2,772,25000.0,668.75,31500.0,63800.0,24,0.2163,0.1498,16.07,70300.0,67.0,0,Aggressive
54,27700.0,1062.54,0,774,14900.0,452.11,23400.0,0.0,16,0.1959,0.3438,22.02,8500.0,82.5,0,Moderate
41,67500.0,3054.51,3,776,56000.0,1758.29,46800.0,56000.0,28,0.3126,0.1444,15.32,46800.0,63.0,0,Aggressive
50,75600.0,3503.12,0,734,54200.0,1583.31,51300.0,0.0,15,0.2513,0.1926,14.64,-2900.0,66.1,0,Balanced
53,38800.0,1517.48,1,752,36400.0,676.86,37700.0,67200.0,14,0.2093,0.3213,24.84,68500.0,78.7,0,Aggressive
48,98600.0,5378.45,2,637,49400.0,980.94,47600.0,73200.0,24,0.1194,0.226,8.85,71400.0,66.5,0,Moderate
67,51400.0,2698.87,0,818,17000.0,506.65,45800.0,75300.0,3,0.1183,0.2516,16.97,104100.0,81.9,0,Moderate
53,26600.0,1664.61,1,759,14700.0,442.74,17300.0,46800.0,13,0.1997,0.0493,10.39,49400.0,59.2,0,Balanced
25,132100.0,7611.82,1,755,132700.0,3435.75,8600.0,0.0,40,0.3121,-0.0036,1.13,-124100.0,28.9,1,Balanced
68,124100.0,4199.54,0,653,0.0,0.0,122100.0,290900.0,3,0.0,0.5939,29.07,413000.0,85.9,0,Moderate
39,24000.0,1085.95,1,781,3400.0,63.95,14700.0,0.0,32,0.032,0.425,13.54,11300.0,93.8,0,Aggressive
24,48600.0,2005.53,0,802,20900.0,616.32,5700.0,0.0,40,0.1522,0.3526,2.84,-15200.0,69.8,0,Balanced
55,47500.0,2952.97,0,795,0.0,0.0,30600.0,93100.0,16,0.0,0.254,10.36,123700.0,85.1,0,Balanced
69,163000.0,9876.62,0,664,175600.0,4609.62,232200.0,226600.0,2,0.3394,-0.0665,23.51,283200.0,43.1,0,Moderate
37,62700.0,2759.11,0,801,42300.0,1330.56,38500.0,35200.0,29,0.2547,0.2173,13.95,31400.0,72.6,0,Aggressive
64,29100.0,1087.52,1,645,49300.0,1330.6,20200.0,47400.0,8,0.5487,0.0028,18.57,18300.0,35.6,1,Moderate
48,107500.0,6608.05,0,657,0.0,0.0,79200.0,219400.0,18,0.0,0.2624,11.99,298600.0,75.9,0,Balanced
50,33600.0,2058.77,0,689,0.0,0.0,2800.0,3700.0,17,0.0,0.2647,1.36,6500.0,57.1,0,Moderate
49,57300.0,3638.07,1,695,0.0,0.0,7600.0,15800.0,15,0.0,0.2381,2.09,23400.0,57.6,0,Conservative
66,43300.0,2590.9,0,797,18800.0,501.32,7500.0,21100.0,2,0.1389,0.143,2.89,9800.0,54.4,0,Conservative
26,48600.0,2317.01,0,667,0.0,0.0,7000.0,19600.0,40,0.0,0.4279,3.02,26600.0,70.3,0,Aggressive
55,110800.0,4533.31,1,631,156600.0,2898.67,17500.0,43100.0,9,0.3139,0.1951,3.86,-96000.0,42.2,0,Conservative
61,152800.0,7270.67,0,711,124400.0,2347.47,20200.0,14900.0,11,0.1844,0.2446,2.78,-89300.0,53.8,0,Conservative
57,32800.0,1688.76,1,765,4400.0,66.68,9300.0,6100.0,14,0.0244,0.3578,5.51,11000.0,80.1,0,Moderate
44,93400.0,4794.32,1,687,111100.0,3514.44,25600.0,0.0,21,0.4515,-0.0675,5.34,-85500.0,30.1,1,Moderate
49,44200.0,2488.12,2,686,7400.0,215.16,20500.0,0.0,16,0.0584,0.2661,8.24,13100.0,73.8,0,Moderate
69,45000.0,1811.49,0,743,2700.0,58.59,10700.0,34400.0,2,0.0156,0.5013,5.91,42400.0,83.1,0,Conservative
66,86700.0,4092.94,1,808,43400.0,1349.03,79700.0,44700.0,5,0.1867,0.2468,19.47,81000.0,78.0,0,Moderate
51,37600.0,1734.85,0,753,21800.0,577.94,12500.0,7400.0,13,0.1844,0.2619,7.21,-1900.0,70.4,0,Moderate
55,85700.0,3374.07,1,717,0.0,0.0,32900.0,32800.0,13,0.0,0.5276,9.75,65700.0,90.5,0,Balanced
53,98900.0,4633.02,0,750,42000.0,1115.49,93600.0,222900.0,12,0.1353,0.3025,20.2,274500.0,80.1,0,Balanced
41,52200.0,3585.22,3,715,3100.0,86.39,35400.0,75200.0,23,0.0199,0.156,9.87,107500.0,71.3,0,Aggressive
52,137300.0,8137.59,0,698,68900.0,1233.72,71300.0,176700.0,14,0.1078,0.1809,8.76,179100.0,67.7,0,Moderate
43,32900.0,1712.51,2,684,30900.0,758.93,9000.0,0.0,23,0.2768,0.0986,5.26,-21900.0,44.1,0,Moderate
53,138700.0,7715.46,2,716,45300.0,1333.6,140400.0,261800.0,19,0.1154,0.2171,18.2,356900.0,72.1,0,Aggressive
23,24000.0,866.92,1,701,0.0,0.0,1500.0,0.0,40,0.0,0.5665,1.73,1500.0,69.2,0,Aggressive
38,292100.0,16790.22,1,757,234400.0,4007.9,137000.0,382300.0,27,0.1647,0.1456,8.16,284900.0,65.4,0,Balanced
45,52900.0,2388.62,0,710,33300.0,638.56,19900.0,58400.0,27,0.1449,0.3133,8.33,45000.0,75.8,0,Balanced
62,34900.0,1623.41,0,681,47100.0,942.49,12300.0,8000.0,6,0.3241,0.1177,7.58,-26800.0,49.8,0,Moderate
51,58200.0,3925.93,2,735,0.0,0.0,41400.0,50900.0,21,0.0,0.1905,10.55,92300.0,76.1,0,Balanced
23,37200.0,1750.67,0,722,40900.0,1047.6,3000.0,0.0,40,0.3379,0.0973,1.71,-37900.0,34.4,0,Aggressive
60,81900.0,2924.35,1,755,56000.0,1119.91,57100.0,93000.0,6,0.1641,0.4074,19.53,94100.0,86.7,0,Balanced
66,140400.0,5510.66,0,752,47900.0,847.24,73400.0,0.0,5,0.0724,0.4566,13.32,25500.0,90.1,0,Moderate
44,38300.0,1947.71,1,686,0.0,0.0,24400.0,72500.0,28,0.0,0.3898,12.53,96900.0,87.5,0,Aggressive
70,91000.0,4472.34,1,687,0.0,0.0,48000.0,37600.0,2,0.0,0.4102,10.73,85600.0,88.4,0,Conservative
52,28500.0,1909.85,2,755,6900.0,132.36,21600.0,54700.0,20,0.0557,0.1401,11.31,69400.0,71.5,0,Balanced
67,116800.0,6588.06,2,631,0.0,0.0,68900.0,78900.0,2,0.0,0.3231,10.46,147800.0,78.6,0,Moderate
42,83200.0,5379.26,3,695,67400.0,1859.79,30000.0,0.0,29,0.2682,-0.0441,5.58,-37400.0,38.7,0,Moderate
43,119600.0,6057.04,1,682,0.0,0.0,23800.0,59200.0,25,0.0,0.3923,3.93,83000.0,73.3,0,Moderate
22,61900.0,2867.32,0,708,0.0,0.0,4800.0,4100.0,40,0.0,0.4441,1.67,8900.0,69.5,0,Aggressive
47,52100.0,2772.22,2,650,9100.0,281.39,12100.0,33200.0,20,0.0648,0.2967,4.36,36200.0,62.5,0,Moderate
62,103700.0,4704.25,0,763,4900.0,138.91,80300.0,89000.0,6,0.0161,0.4396,17.07,164400.0,93.1,0,Moderate
22,32200.0,1705.08,1,665,0.0,0.0,1300.0,0.0,40,0.0,0.3646,0.76,1300.0,61.2,0,Aggressive
46,25400.0,1016.38,0,768,11900.0,207.6,22400.0,17900.0,20,0.0981,0.4217,22.04,28400.0,90.2,0,Aggressive
37,66000.0,4270.32,1,757,0.0,0.0,38200.0,115500.0,30,0.0,0.2236,8.95,153700.0,80.0,0,Aggressive
60,53400.0,2639.89,2,623,31600.0,638.04,47100.0,76000.0,4,0.1434,0.2634,17.84,91500.0,67.8,0,Moderate
53,89700.0,3281.6,0,741,55800.0,898.32,98800.0,0.0,13,0.1202,0.4408,30.11,43000.0,87.4,0,Balanced
29,120600.0,4609.13,1,823,12900.0,213.47,7700.0,0.0,38,0.0212,0.5201,1.67,-5200.0,76.9,0,Aggressive
63,88700.0,2848.52,0,728,0.0,0.0,126000.0,302200.0,9,0.0,0.6146,36.0,428200.0,91.3,0,Moderate
68,115400.0,5280.92,0,820,53600.0,1453.17,37000.0,0.0,2,0.1511,0.2997,7.01,-16600.0,78.8,0,Conservative
59,79000.0,2995.71,0,622,132400.0,2054.04,40700.0,130000.0,7,0.312,0.2329,13.59,38300.0,58.7,0,Balanced
49,86900.0,2814.54,0,740,13500.0,221.6,25800.0,87100.0,18,0.0306,0.5807,9.17,99400.0,90.9,0,Balanced
62,62100.0,3249.94,1,754,0.0,0.0,86100.0,150800.0,10,0.0,0.372,26.49,236900.0,91.0,0,Moderate
46,85500.0,5785.44,4,722,86900.0,1427.09,48900.0,85000.0,26,0.2003,-0.0123,8.45,47000.0,51.3,0,Balanced
55,72500.0,2503.07,0,674,18300.0,441.7,49300.0,154600.0,9,0.0731,0.5126,19.7,185600.0,84.5,0,Moderate
70,79100.0,3720.13,0,676,16300.0,422.56,121900.0,217900.0,2,0.0641,0.3715,32.77,323500.0,82.9,0,Conservative
45,60400.0,3409.84,0,622,0.0,0.0,27700.0,85000.0,19,0.0,0.3225,8.12,112700.0,75.5,0,Balanced
44,103300.0,7698.63,3,769,76200.0,2308.6,58900.0,34500.0,21,0.2682,-0.1625,7.65,17200.0,49.7,0,Moderate
33,44800.0,2415.0,0,731,24800.0,557.79,2400.0,0.0,35,0.1494,0.2037,0.99,-22400.0,48.6,0,Balanced
27,65500.0,3482.07,4,651,16200.0,502.47,11900.0,0.0,40,0.0921,0.27,3.42,-4300.0,56.9,0,Balanced
56,136100.0,8014.27,1,831,35100.0,784.43,181000.0,227800.0,9,0.0692,0.2242,22.58,373700.0,82.7,0,Moderate
65,39300.0,2027.79,0,757,16400.0,432.77,59000.0,76600.0,3,0.1321,0.2487,29.1,119200.0,76.7,0,Moderate
40,24000.0,1169.44,3,756,13000.0,252.37,4700.0,0.0,26,0.1262,0.2891,4.02,-8300.0,66.1,0,Balanced
21,80900.0,4857.0,0,742,0.0,0.0,2800.0,0.0,40,0.0,0.2796,0.58,2800.0,59.9,0,Aggressive
28,57500.0,2831.69,1,704,46100.0,1113.28,6200.0,0.0,36,0.2323,0.1767,2.19,-39900.0,44.6,0,Aggressive
66,115400.0,7739.41,1,796,61900.0,1567.07,71000.0,231800.0,2,0.163,0.0323,9.17,240900.0,62.0,0,Moderate
36,61600.0,4051.02,3,695,69200.0,1841.07,11400.0,0.0,30,0.3587,-0.1478,2.81,-57800.0,27.4,0,Moderate
34,47500.0,2683.06,1,782,0.0,0.0,15200.0,0.0,31,0.0,0.3222,5.67,15200.0,80.1,0,Balanced
32,63500.0,3764.18,1,791,11000.0,221.34,22600.0,0.0,34,0.0418,0.2468,6.0,11600.0,74.3,0,Aggressive
71,120700.0,6148.04,1,739,56900.0,1565.67,195900.0,490400.0,2,0.1557,0.2331,31.86,629400.0,73.3,0,Conservative
43,90800.0,5009.82,2,774,8400.0,149.39,10800.0,0.0,22,0.0197,0.3182,2.16,2400.0,68.6,0,Balanced
35,24000.0,1680.97,3,751,11800.0,246.05,4200.0,4300.0,30,0.123,0.0365,2.5,-3300.0,42.7,0,Balanced
48,73300.0,4473.57,2,774,0.0,0.0,23000.0,76800.0,18,0.0,0.2676,5.14,99800.0,73.9,0,Conservative
54,75300.0,4887.58,1,775,43100.0,1333.52,37300.0,37200.0,11,0.2125,0.0086,7.63,31400.0,53.0,0,Moderate
22,65500.0,4019.14,0,715,15700.0,255.6,3500.0,0.0,40,0.0468,0.2168,0.87,-12200.0,52.2,0,Aggressive
52,47300.0,3037.43,0,760,0.0,0.0,23100.0,59900.0,13,0.0,0.2294,7.61,83000.0,76.9,0,Moderate
43,127600.0,7444.25,1,773,11100.0,181.96,99200.0,104500.0,21,0.0171,0.2828,13.33,192600.0,85.0,0,Aggressive
42,131200.0,6788.73,1,753,28600.0,613.33,48100.0,133500.0,29,0.0561,0.323,7.09,153000.0,79.7,0,Moderate
71,24000.0,1053.05,2,783,9900.0,178.02,25800.0,74400.0,2,0.089,0.3845,24.5,90300.0,90.5,0,Conservative
45,42700.0,2356.16,0,649,27600.0,718.72,24400.0,29500.0,20,0.202,0.1359,10.36,26300.0,57.8,0,Balanced
42,61100.0,2936.01,2,718,18100.0,504.69,33000.0,0.0,25,0.0991,0.3242,11.24,14900.0,80.9,0,Aggressive
42,111500.0,4954.12,1,760,19300.0,370.65,52600.0,105300.0,23,0.0399,0.4269,10.62,138600.0,92.0,0,Aggressive
69,67500.0,2673.65,0,806,0.0,0.0,106300.0,337000.0,2,0.0,0.5247,36.0,443300.0,96.9,0,Moderate
62,45400.0,2762.02,0,682,39800.0,899.32,39000.0,118600.0,8,0.2377,0.0322,14.12,117800.0,50.9,0,Moderate
26,97800.0,6252.56,1,787,65600.0,1300.25,18700.0,0.0,40,0.1595,0.0733,2.99,-46900.0,47.9,0,Aggressive
35,58900.0,3103.97,0,821,6900.0,164.9,12000.0,0.0,30,0.0336,0.334,3.87,5100.0,77.4,0,Balanced
63,62000.0,2940.83,0,771,47800.0,1025.5,19200.0,24800.0,4,0.1985,0.2323,6.53,-3800.0,67.0,0,Conservative
57,65200.0,3960.06,2,665,0.0,0.0,61200.0,94700.0,14,0.0,0.2712,15.45,155900.0,77.1,0,Balanced
53,90800.0,5015.88,1,701,37000.0,1031.06,41700.0,39500.0,17,0.1363,0.2008,8.31,44200.0,67.0,0,Moderate
28,55800.0,2726.27,1,726,0.0,0.0,10100.0,0.0,40,0.0,0.4137,3.7,10100.0,76.4,0,Aggressive
64,96600.0,4281.41,0,674,63000.0,1802.13,99400.0,239200.0,3,0.2239,0.2443,23.22,275600.0,66.8,0,Moderate
64,63600.0,2825.52,0,745,33100.0,711.53,36500.0,73700.0,2,0.1343,0.3326,12.92,77100.0,82.1,0,Conservative
25,36800.0,1888.0,0,771,3800.0,67.95,3500.0,10400.0,40,0.0222,0.3622,1.85,10100.0,70.8,0,Aggressive
59,64800.0,3450.97,0,672,87700.0,2568.47,70200.0,170200.0,10,0.4756,-0.1147,20.34,152700.0,38.3,1,Moderate
24,37900.0,1770.87,0,744,6300.0,129.76,4600.0,0.0,40,0.0411,0.3982,2.6,-1700.0,72.9,0,Aggressive
26,67700.0,5190.33,4,643,0.0,0.0,9200.0,0.0,40,0.0,0.08,1.77,9200.0,41.1,0,Balanced
65,104400.0,3597.78,0,699,59500.0,1719.35,117500.0,81400.0,6,0.1976,0.3888,32.66,139400.0,80.5,0,Conservative
52,36700.0,1831.39,2,792,0.0,0.0,38500.0,86300.0,19,0.0,0.4012,21.02,124800.0,95.9,0,Balanced
50,80800.0,3687.37,0,674,114000.0,2465.44,56600.0,0.0,22,0.3662,0.0862,15.35,-57400.0,49.2,0,Balanced
67,41900.0,1350.47,0,749,43800.0,1355.45,26600.0,21200.0,2,0.3882,0.225,19.7,4000.0,64.1,0,Balanced
55,73900.0,3239.18,0,736,4700.0,123.25,16900.0,0.0,11,0.02,0.454,5.22,12200.0,80.6,0,Moderate
60,106200.0,4331.93,0,721,55200.0,1368.28,65800.0,210200.0,9,0.1546,0.3559,15.19,220800.0,81.3,0,Moderate
36,24000.0,1164.83,0,782,0.0,0.0,2200.0,0.0,31,0.0,0.4176,1.89,2200.0,75.4,0,Balanced
33,35800.0,1773.78,2,768,11600.0,182.82,3100.0,0.0,38,0.0613,0.3442,1.75,-8500.0,67.4,0,Balanced
70,54000.0,3017.13,0,645,0.0,0.0,76000.0,131700.0,2,0.0,0.3295,25.19,207700.0,80.1,0,Moderate
62,78700.0,4092.22,1,754,79800.0,2392.46,80100.0,275300.0,6,0.3648,0.0112,19.57,275600.0,49.4,0,Moderate
50,60400.0,2173.92,0,674,0.0,0.0,48200.0,0.0,17,0.0,0.5681,22.17,48200.0,87.4,0,Balanced
39,64500.0,3655.13,0,790,7100.0,156.52,29800.0,0.0,25,0.0291,0.2909,8.15,22700.0,84.0,0,Balanced
37,203500.0,7117.27,0,770,157100.0,3438.8,56900.0,80600.0,32,0.2028,0.3775,7.99,-19600.0,81.7,0,Aggressive
39,34000.0,2027.59,0,695,47200.0,993.69,2200.0,0.0,27,0.3507,-0.0663,1.09,-45000.0,22.9,1,Conservative
48,123600.0,8163.46,1,682,136300.0,3347.52,103500.0,310400.0,20,0.325,-0.1176,12.68,277600.0,45.0,0,Balanced
46,54600.0,2861.85,3,770,21900.0,699.38,7400.0,0.0,23,0.1537,0.2173,2.59,-14500.0,56.6,0,Moderate
57,89500.0,5895.49,1,783,69700.0,1348.66,76200.0,225700.0,10,0.1808,0.0287,12.93,232200.0,60.1,0,Moderate
46,213400.0,13109.93,1,715,268000.0,7231.78,32100.0,44900.0,23,0.4067,-0.1439,2.45,-191000.0,25.9,0,Moderate
43,96600.0,6029.24,0,793,67800.0,1890.67,27700.0,72300.0,27,0.2349,0.0162,4.59,32200.0,45.5,0,Balanced
29,81200.0,4645.37,1,738,0.0,0.0,6300.0,0.0,36,0.0,0.3135,1.36,6300.0,64.3,0,Moderate
32,159500.0,6303.67,0,805,84600.0,1409.19,41600.0,22200.0,38,0.106,0.4197,6.6,-20800.0,85.9,0,Aggressive
21,122800.0,7550.25,0,793,0.0,0.0,14000.0,0.0,40,0.0,0.2622,1.85,14000.0,65.7,0,Aggressive
21,42600.0,1610.66,0,731,10500.0,327.69,3300.0,0.0,40,0.0923,0.454,2.05,-7200.0,68.5,0,Balanced
67,77800.0,3016.2,0,731,50800.0,1057.4,84600.0,292000.0,2,0.1631,0.3717,28.05,325800.0,82.9,0,Moderate
54,25700.0,1046.04,0,794,14400.0,372.6,29100.0,0.0,12,0.174,0.3376,27.82,14700.0,84.4,0,Balanced
52,49200.0,2056.96,0,801,30700.0,961.21,44400.0,0.0,12,0.2344,0.2639,21.59,13700.0,76.9,0,Balanced
68,78600.0,3836.94,0,819,0.0,0.0,123900.0,290600.0,2,0.0,0.4142,32.29,414500.0,97.8,0,Moderate
45,47500.0,2633.81,0,727,0.0,0.0,18400.0,0.0,24,0.0,0.3346,6.99,18400.0,80.7,0,Balanced
60,76900.0,4809.35,0,732,45800.0,1443.14,90200.0,127000.0,12,0.2252,0.0243,18.76,171400.0,54.4,0,Balanced
65,65700.0,2274.18,0,600,0.0,0.0,54800.0,163100.0,7,0.0,0.5846,24.1,217900.0,82.1,0,Moderate
21,88900.0,5643.28,0,654,138100.0,3885.68,1900.0,0.0,40,0.5245,-0.2,0.34,-136200.0,11.9,1,Balanced
36,52400.0,3792.58,3,797,0.0,0.0,3600.0,0.0,34,0.0,0.1315,0.95,3600.0,53.7,0,Balanced
59,39500.0,1321.93,0,731,35000.0,739.46,15800.0,0.0,10,0.2246,0.3738,11.95,-19200.0,80.6,0,Moderate
25,149200.0,6516.66,0,641,0.0,0.0,9400.0,17300.0,40,0.0,0.4759,1.44,26700.0,64.1,0,Aggressive
42,50400.0,3466.08,3,663,0.0,0.0,28600.0,77800.0,24,0.0,0.1747,8.25,106400.0,67.7,0,Aggressive
49,95100.0,5584.2,2,696,64700.0,1314.25,66900.0,233000.0,23,0.1658,0.1295,11.98,235200.0,62.1,0,Balanced
23,145700.0,8397.63,0,735,112700.0,2008.95,16400.0,0.0,40,0.1655,0.1429,1.95,-96300.0,46.3,0,Balanced
32,72400.0,4269.27,1,751,73500.0,1275.79,17800.0,0.0,39,0.2115,0.0809,4.17,-55700.0,47.1,0,Aggressive
46,41300.0,2267.05,2,676,48800.0,1011.86,25500.0,0.0,21,0.294,0.0473,11.25,-23300.0,49.4,0,Balanced
36,60000.0,2782.44,4,708,0.0,0.0,10400.0,0.0,31,0.0,0.4435,3.74,10400.0,75.2,0,Aggressive
71,115800.0,5922.28,0,626,0.0,0.0,119400.0,372800.0,2,0.0,0.3863,20.16,492200.0,83.0,0,Moderate
57,74100.0,2466.46,0,649,0.0,0.0,59400.0,91600.0,12,0.0,0.6006,24.08,151000.0,85.6,0,Balanced
42,34100.0,1993.4,2,635,22700.0,629.41,18800.0,13500.0,24,0.2215,0.077,9.43,9600.0,51.6,0,Balanced
49,91900.0,5974.76,2,750,69100.0,1319.57,52500.0,0.0,16,0.1723,0.0475,8.79,-16600.0,58.9,0,Balanced
34,101000.0,5504.47,1,802,49200.0,1511.0,35200.0,0.0,38,0.1795,0.1665,6.39,-14000.0,64.6,0,Balanced
48,54400.0,3893.27,2,755,0.0,0.0,14200.0,26200.0,17,0.0,0.1412,3.65,40400.0,58.9,0,Moderate
25,92600.0,4339.44,0,679,70000.0,1348.9,10900.0,0.0,40,0.1748,0.2629,2.51,-59100.0,52.5,0,Balanced
67,75700.0,4539.04,1,651,98600.0,3137.83,90200.0,70200.0,4,0.4974,-0.2,19.87,61800.0,35.9,1,Conservative
69,59400.0,3400.08,1,788,3900.0,102.87,65800.0,87900.0,2,0.0208,0.2923,19.35,149800.0,86.7,0,Moderate
50,32500.0,2211.55,1,698,22100.0,438.99,5900.0,0.0,18,0.1621,0.0213,2.67,-16200.0,36.7,0,Moderate
66,119700.0,6636.24,0,639,47200.0,1254.46,59500.0,103300.0,2,0.1258,0.209,8.97,115600.0,65.5,0,Conservative
25,100500.0,3732.0,0,830,41700.0,1097.8,9900.0,21900.0,40,0.1311,0.4233,2.65,-9900.0,75.7,0,Aggressive
32,91200.0,6096.77,1,717,0.0,0.0,25300.0,0.0,39,0.0,0.1978,4.15,25300.0,61.9,0,Aggressive
36,154700.0,8342.34,0,708,54800.0,1485.02,30200.0,26300.0,29,0.1152,0.2377,3.62,1700.0,58.1,0,Balanced
46,111300.0,4115.64,1,780,0.0,0.0,88100.0,47000.0,25,0.0,0.5563,21.41,135100.0,95.0,0,Aggressive
46,96500.0,5814.34,2,815,40900.0,1294.19,39600.0,99800.0,22,0.1609,0.116,6.81,98500.0,63.7,0,Balanced
68,24000.0,1546.5,1,755,0.0,0.0,4900.0,6300.0,4,0.0,0.2268,3.17,11200.0,64.0,0,Conservative
41,127800.0,7357.2,2,669,138400.0,3830.58,66600.0,0.0,26,0.3597,-0.0505,9.05,-71800.0,42.7,0,Balanced
59,69300.0,3012.29,0,674,0.0,0.0,56100.0,80000.0,12,0.0,0.4784,18.62,136100.0,87.4,0,Moderate
56,78600.0,4901.78,1,713,0.0,0.0,75500.0,120100.0,14,0.0,0.2516,15.4,195600.0,79.1,0,Aggressive
53,78900.0,4819.51,1,717,44300.0,1196.55,34400.0,65700.0,18,0.182,0.085,7.14,55800.0,54.4,0,Balanced
50,101300.0,5720.69,2,692,0.0,0.0,9600.0,14000.0,18,0.0,0.3223,1.68,23600.0,62.6,0,Moderate
57,122700.0,4925.84,1,805,49900.0,1551.13,25200.0,74400.0,8,0.1517,0.3666,5.12,49700.0,77.4,0,Conservative
43,93800.0,4067.75,1,761,75200.0,2298.83,13900.0,43500.0,27,0.2941,0.1855,3.42,-17800.0,50.3,0,Balanced
30,85900.0,4834.69,0,753,43700.0,957.15,24300.0,13000.0,36,0.1337,0.1909,5.03,-6400.0,61.0,0,Balanced
25,75200.0,4401.91,0,702,0.0,0.0,4300.0,10600.0,40,0.0,0.2976,0.98,14900.0,59.5,0,Balanced
56,24000.0,983.41,0,694,0.0,0.0,27400.0,70100.0,10,0.0,0.5083,27.86,97500.0,88.9,0,Moderate
54,56500.0,2482.21,0,755,53200.0,1115.87,51600.0,174600.0,13,0.237,0.2358,20.79,173000.0,71.4,0,Moderate
51,39400.0,1349.62,0,670,49600.0,840.02,23700.0,0.0,19,0.2558,0.3331,17.56,-25900.0,71.9,0,Balanced
30,128800.0,7571.13,1,791,0.0,0.0,45900.0,49800.0,34,0.0,0.2946,6.06,95700.0,79.7,0,Aggressive
39,93000.0,3266.09,1,802,0.0,0.0,24200.0,49900.0,30,0.0,0.5786,7.41,74100.0,92.2,0,Aggressive
52,51400.0,2050.07,2,769,0.0,0.0,13600.0,25100.0,17,0.0,0.5214,6.63,38700.0,87.6,0,Balanced
21,54400.0,1911.88,1,727,54200.0,1151.44,4800.0,0.0,40,0.254,0.3243,2.51,-49400.0,57.3,0,Balanced
25,53300.0,2834.35,0,756,41700.0,1322.97,3100.0,0.0,40,0.2979,0.064,1.09,-38600.0,34.2,0,Balanced
65,52800.0,2582.6,1,805,22600.0,556.48,84300.0,64100.0,2,0.1265,0.2866,32.64,125800.0,83.2,0,Moderate
24,29900.0,1243.39,0,810,2500.0,58.62,4400.0,13400.0,40,0.0235,0.4775,3.54,15300.0,81.0,0,Aggressive
36,26500.0,1733.72,1,658,13000.0,305.6,11900.0,0.0,30,0.1384,0.0765,6.86,-1100.0,50.5,0,Balanced
44,67200.0,3007.88,2,742,35500.0,952.65,51900.0,169800.0,26,0.1701,0.2928,17.25,186200.0,77.4,0,Aggressive
36,119500.0,5733.48,1,794,25900.0,808.79,44900.0,0.0,35,0.0812,0.343,7.83,19000.0,85.2,0,Aggressive
22,49200.0,3100.11,0,759,22100.0,469.24,4300.0,0.0,40,0.1144,0.1294,1.39,-17800.0,47.5,0,Balanced
69,78200.0,3589.66,0,806,13000.0,233.16,24000.0,13100.0,3,0.0358,0.4134,6.69,24100.0,89.0,0,Conservative
48,99100.0,5300.84,1,598,78100.0,1417.14,59400.0,193700.0,23,0.1716,0.1865,11.21,175000.0,59.1,0,Balanced
52,38300.0,1315.4,0,766,23900.0,366.77,11500.0,17900.0,19,0.1149,0.4729,8.74,5500.0,88.7,0,Balanced
47,65400.0,3793.56,0,703,80800.0,1974.91,48400.0,0.0,18,0.3624,-0.0584,12.76,-32400.0,45.0,0,Balanced
40,45900.0,2406.32,2,706,25400.0,782.19,28600.0,0.0,24,0.2045,0.1664,11.89,3200.0,64.0,0,Aggressive
44,160100.0,10409.25,2,812,69300.0,1879.58,39700.0,107100.0,25,0.1409,0.0789,3.81,77500.0,53.2,0,Moderate
32,156300.0,6792.79,1,688,0.0,0.0,9100.0,16600.0,38,0.0,0.4785,1.34,25700.0,67.2,0,Aggressive
70,38300.0,1752.2,0,681,32700.0,996.11,31400.0,87100.0,2,0.3121,0.1389,17.92,85800.0,55.9,0,Conservative
55,81800.0,5007.66,1,791,0.0,0.0,83700.0,169800.0,15,0.0,0.2654,16.71,253500.0,85.7,0,Aggressive
53,119000.0,7631.38,0,618,14700.0,342.09,87600.0,122500.0,18,0.0345,0.196,11.48,195400.0,66.7,0,Balanced
53,105500.0,3902.18,1,792,0.0,0.0,91000.0,100900.0,12,0.0,0.5562,23.32,191900.0,95.9,0,Balanced
71,69200.0,4296.07,1,672,18100.0,305.63,90600.0,159800.0,2,0.053,0.202,21.09,232300.0,70.3,0,Moderate
63,135800.0,5661.45,0,714,97200.0,2462.14,46500.0,28200.0,8,0.2176,0.2822,8.21,-22500.0,70.6,0,Moderate
57,40200.0,2279.0,2,672,0.0,0.0,31100.0,55000.0,14,0.0,0.3197,13.65,86100.0,81.3,0,Balanced
32,56000.0,2314.84,0,732,6000.0,155.56,14400.0,0.0,39,0.0333,0.4706,6.22,8400.0,82.5,0,Aggressive
23,40800.0,2126.29,0,690,0.0,0.0,1000.0,0.0,40,0.0,0.3746,0.47,1000.0,63.0,0,Aggressive
21,101800.0,4424.24,0,743,97800.0,1983.06,5600.0,0.0,40,0.2338,0.2447,1.27,-92200.0,49.9,0,Aggressive
53,48000.0,2053.78,0,704,0.0,0.0,44100.0,107500.0,14,0.0,0.4866,21.47,151600.0,89.6,0,Moderate
60,60200.0,1982.46,0,733,0.0,0.0,78600.0,107400.0,12,0.0,0.6048,36.0,186000.0,91.6,0,Balanced
30,92900.0,3396.92,0,706,0.0,0.0,20800.0,0.0,40,0.0,0.5612,6.12,20800.0,81.7,0,Aggressive
63,97200.0,6049.33,0,699,47100.0,1247.03,124000.0,325300.0,4,0.154,0.0992,20.5,402200.0,60.5,0,Moderate
64,40200.0,2610.69,0,787,28600.0,577.95,13000.0,32700.0,7,0.1725,0.0482,4.98,17100.0,51.0,0,Moderate
49,118300.0,7612.69,2,751,0.0,0.0,115100.0,99900.0,20,0.0,0.2278,15.12,215000.0,80.0,0,Balanced
33,85000.0,4354.3,3,784,0.0,0.0,4500.0,0.0,39,0.0,0.3853,1.03,4500.0,72.0,0,Balanced
32,36500.0,1888.81,2,740,21700.0,546.89,8400.0,0.0,32,0.1798,0.1992,4.45,-13300.0,57.3,0,Balanced
51,31900.0,1796.51,0,791,13400.0,331.2,12500.0,17700.0,18,0.1246,0.1996,6.96,16800.0,70.1,0,Conservative
66,65600.0,4195.15,0,670,92000.0,1689.27,76700.0,44300.0,2,0.309,-0.0764,18.28,29000.0,44.8,0,Conservative
22,105600.0,4947.26,0,705,0.0,0.0,3400.0,2400.0,40,0.0,0.4378,0.69,5800.0,66.6,0,Aggressive
71,107100.0,6352.9,0,729,103200.0,2733.17,17100.0,48300.0,2,0.3062,-0.018,2.69,-37800.0,31.6,0,Conservative
70,80500.0,5433.93,1,749,82700.0,1688.32,63900.0,177100.0,2,0.2517,-0.0617,11.76,158300.0,52.7,0,Conservative
55,68000.0,4133.21,0,759,56800.0,961.91,11700.0,19300.0,14,0.1697,0.1009,2.83,-25800.0,47.1,0,Moderate
43,87700.0,3733.53,1,693,0.0,0.0,22300.0,21400.0,21,0.0,0.4891,5.97,43700.0,80.4,0,Balanced
37,41300.0,1594.22,2,747,0.0,0.0,16100.0,32100.0,32,0.0,0.5368,10.1,48200.0,92.6,0,Balanced
46,167400.0,8604.82,1,701,211600.0,5625.4,49300.0,0.0,24,0.4033,-0.0201,5.73,-162300.0,34.1,0,Balanced
28,166200.0,10422.74,4,747,34700.0,1015.7,14000.0,22700.0,40,0.0733,0.1741,1.34,2000.0,51.5,0,Balanced
49,83800.0,3215.83,0,716,0.0,0.0,18000.0,23100.0,17,0.0,0.5395,5.6,41100.0,81.0,0,Balanced
46,73800.0,3037.3,0,817,0.0,0.0,14900.0,10300.0,26,0.0,0.5061,4.91,25200.0,86.3,0,Moderate
30,52800.0,3018.67,0,755,24600.0,555.07,10300.0,0.0,37,0.1262,0.1878,3.41,-14300.0,56.7,0,Balanced
46,88500.0,4780.02,2,696,0.0,0.0,51800.0,122000.0,22,0.0,0.3519,10.84,173800.0,85.4,0,Balanced
54,45200.0,2060.15,1,741,32000.0,661.92,25900.0,77800.0,14,0.1757,0.2773,12.57,71700.0,76.0,0,Moderate
71,24000.0,1258.1,0,662,0.0,0.0,7300.0,14700.0,2,0.0,0.371,5.8,22000.0,75.5,0,Conservative
61,24000.0,1362.21,1,776,8400.0,127.71,23600.0,81500.0,4,0.0639,0.255,17.32,96700.0,81.3,0,Moderate
27,42600.0,2867.54,3,713,23200.0,396.28,5800.0,19600.0,40,0.1116,0.0806,2.02,2200.0,42.4,0,Aggressive
24,72100.0,2659.79,0,761,0.0,0.0,4300.0,0.0,40,0.0,0.5573,1.62,4300.0,73.1,0,Aggressive
70,79400.0,5006.22,2,711,34100.0,636.65,49800.0,82700.0,2,0.0962,0.1472,9.95,98400.0,67.3,0,Moderate
65,50600.0,2782.04,1,638,76700.0,1339.01,16700.0,46100.0,2,0.3176,0.0227,6.0,-13900.0,35.5,0,Conservative
31,71500.0,3116.38,3,720,7800.0,160.02,5600.0,0.0,33,0.0269,0.4501,1.8,-2200.0,69.6,0,Balanced
49,56900.0,3466.06,1,729,37200.0,661.42,21700.0,70100.0,22,0.1395,0.1295,6.26,54600.0,57.9,0,Moderate
56,38200.0,1824.79,1,711,0.0,0.0,5400.0,13300.0,11,0.0,0.4268,2.96,18700.0,73.3,0,Conservative
45,64200.0,2954.02,1,699,58000.0,1149.88,24800.0,47700.0,22,0.2149,0.2329,8.4,14500.0,66.4,0,Balanced
41,103500.0,5513.36,2,773,75200.0,1338.12,48800.0,79700.0,31,0.1551,0.2056,8.85,53300.0,73.3,0,Balanced
56,39200.0,1955.0,2,755,30700.0,877.7,46100.0,81000.0,9,0.2687,0.1328,23.58,96400.0,62.4,0,Moderate
30,39200.0,1814.03,1,692,43900.0,705.26,8100.0,24700.0,38,0.2159,0.2288,4.47,-11100.0,54.7,0,Balanced
57,36800.0,2156.58,0,721,20900.0,579.07,29400.0,101100.0,12,0.1888,0.1079,13.63,109600.0,61.3,0,Moderate
29,24000.0,1099.6,3,813,0.0,0.0,3400.0,2200.0,40,0.0,0.4502,3.09,5600.0,80.9,0,Aggressive
44,50800.0,3590.88,2,720,32600.0,863.26,8200.0,18400.0,22,0.2039,-0.0522,2.28,-6000.0,33.9,0,Moderate
55,98000.0,5242.78,1,739,0.0,0.0,57100.0,117600.0,14,0.0,0.358,10.89,174700.0,88.9,0,Balanced
69,72800.0,2991.9,1,698,92000.0,2819.98,72000.0,117200.0,2,0.4648,0.042,24.06,97200.0,43.7,1,Conservative
55,60300.0,2173.24,0,690,79300.0,2224.0,49700.0,151800.0,16,0.4426,0.1249,22.87,122200.0,50.2,1,Moderate
68,71000.0,3648.24,0,631,46400.0,806.54,82600.0,184000.0,2,0.1363,0.2471,22.64,220200.0,67.4,0,Balanced
56,50600.0,2669.99,0,842,18800.0,351.92,22300.0,32100.0,10,0.0835,0.2833,8.35,35600.0,85.5,0,Moderate
38,24000.0,882.42,1,721,0.0,0.0,4300.0,7900.0,31,0.0,0.5588,4.87,12200.0,79.3,0,Aggressive
69,101800.0,4048.25,0,742,47500.0,1456.66,101800.0,159900.0,3,0.1717,0.3511,25.15,214200.0,81.8,0,Conservative
59,119300.0,6941.12,0,807,27600.0,623.18,103400.0,185100.0,12,0.0627,0.2391,14.9,260900.0,82.4,0,Balanced
52,44300.0,1476.11,0,624,0.0,0.0,11400.0,0.0,19,0.0,0.6002,7.72,11400.0,80.3,0,Balanced
44,60900.0,3664.33,0,829,21900.0,417.03,34400.0,28700.0,22,0.0822,0.1958,9.39,41200.0,79.9,0,Balanced
43,58100.0,3501.81,2,801,16100.0,346.33,19600.0,46500.0,21,0.0715,0.2052,5.6,50000.0,69.6,0,Moderate
52,80300.0,3705.64,0,563,0.0,0.0,44300.0,113100.0,14,0.0,0.4462,11.95,157400.0,79.5,1,Balanced
57,167600.0,7801.4,1,821,54400.0,1140.21,81500.0,196400.0,9,0.0816,0.3598,10.45,223500.0,91.6,0,Balanced
32,125200.0,4879.67,2,595,0.0,0.0,25600.0,71400.0,37,0.0,0.5323,5.25,97000.0,71.4,0,Balanced
69,53800.0,3362.89,1,632,66300.0,1040.78,60000.0,199800.0,2,0.2321,0.0178,17.84,193500.0,46.5,0,Conservative
33,89200.0,4438.36,4,732,58100.0,1543.81,38100.0,0.0,32,0.2077,0.1952,8.58,-20000.0,66.7,0,Aggressive
43,131900.0,5977.45,1,697,125000.0,3323.81,88800.0,155900.0,29,0.3024,0.1538,14.86,119700.0,58.5,0,Balanced
45,82800.0,4744.74,2,738,85500.0,1762.49,38100.0,0.0,24,0.2554,0.0569,8.03,-47400.0,53.4,0,Balanced
55,66000.0,3071.18,2,776,56900.0,1710.01,43500.0,62400.0,13,0.3109,0.1307,14.16,49000.0,62.1,0,Balanced
61,84600.0,4362.94,1,748,64800.0,1265.15,57500.0,130100.0,5,0.1795,0.2017,13.18,122800.0,70.7,0,Conservative
50,44900.0,2932.48,2,645,0.0,0.0,4300.0,13200.0,20,0.0,0.2163,1.47,17500.0,50.7,0,Moderate
37,48700.0,2630.67,2,777,0.0,0.0,6900.0,18000.0,33,0.0,0.3518,2.62,24900.0,73.4,0,Balanced
69,36900.0,2335.74,0,709,15800.0,436.72,8100.0,17200.0,2,0.142,0.0984,3.47,9500.0,46.3,0,Conservative
40,78300.0,4952.48,1,810,46100.0,1366.4,41800.0,96400.0,25,0.2094,0.0316,8.44,92100.0,59.6,0,Balanced
68,61600.0,2634.51,0,766,6000.0,92.96,47800.0,99700.0,2,0.0181,0.4687,18.14,141500.0,93.3,0,Balanced
45,42100.0,2175.11,2,763,0.0,0.0,5200.0,0.0,26,0.0,0.38,2.39,5200.0,73.9,0,Moderate
42,60500.0,2971.21,1,769,36200.0,937.21,33500.0,98800.0,25,0.1859,0.2248,11.27,96100.0,73.6,0,Aggressive
33,85700.0,5359.62,3,828,23500.0,487.61,28400.0,0.0,37,0.0683,0.1813,5.3,4900.0,69.0,0,Aggressive
39,189700.0,8453.0,1,775,92700.0,1459.15,94900.0,194700.0,27,0.0923,0.373,11.23,196900.0,88.9,0,Aggressive
69,115500.0,7389.11,0,716,0.0,0.0,117300.0,175400.0,3,0.0,0.2323,15.87,292700.0,77.9,0,Moderate
56,24000.0,1326.95,1,611,10800.0,234.17,5600.0,0.0,16,0.1171,0.2194,4.22,-5200.0,51.4,0,Moderate
32,75500.0,3647.66,1,688,110100.0,2332.98,4000.0,2500.0,38,0.3708,0.0494,1.1,-103600.0,25.4,0,Balanced
61,145200.0,7719.85,0,721,83200.0,1621.92,163300.0,96500.0,9,0.134,0.228,21.15,176600.0,72.5,0,Moderate
39,31700.0,1632.98,2,720,0.0,0.0,5600.0,19300.0,25,0.0,0.3818,3.43,24900.0,73.9,0,Balanced
32,89600.0,5578.48,1,669,0.0,0.0,19100.0,0.0,39,0.0,0.2529,3.42,19100.0,60.5,0,Aggressive
29,58100.0,2939.55,0,780,0.0,0.0,9800.0,0.0,36,0.0,0.3929,3.33,9800.0,78.7,0,Aggressive
27,124600.0,4535.32,1,665,0.0,0.0,24600.0,0.0,40,0.0,0.5632,5.42,24600.0,76.8,0,Aggressive
48,82600.0,3377.67,1,738,64400.0,1923.28,46000.0,0.0,17,0.2794,0.2299,13.62,-18400.0,68.1,0,Balanced
34,40700.0,2733.68,2,735,10000.0,174.31,11800.0,0.0,30,0.0514,0.1426,4.32,1800.0,57.4,0,Balanced
51,59300.0,2990.5,0,764,0.0,0.0,24200.0,17400.0,20,0.0,0.3948,8.09,41600.0,90.9,0,Balanced
39,61200.0,3876.7,0,775,5400.0,118.16,39600.0,0.0,28,0.0232,0.2167,10.21,34200.0,80.0,0,Aggressive
67,61800.0,2312.19,1,670,60900.0,1199.08,57400.0,66000.0,2,0.2328,0.3182,24.82,62500.0,71.7,0,Moderate
36,122500.0,5084.81,0,815,0.0,0.0,6400.0,21800.0,28,0.0,0.5019,1.26,28200.0,76.0,0,Moderate
25,41600.0,1585.71,0,726,0.0,0.0,4100.0,0.0,40,0.0,0.5426,2.59,4100.0,73.3,0,Aggressive
55,114900.0,6142.71,1,754,0.0,0.0,57800.0,142000.0,15,0.0,0.3585,9.41,199800.0,90.0,0,Balanced
32,56000.0,2861.21,2,765,0.0,0.0,2700.0,3900.0,36,0.0,0.3869,0.94,6600.0,70.6,0,Moderate
45,74800.0,3259.47,2,711,23900.0,621.46,29100.0,68000.0,24,0.0997,0.3774,8.93,73200.0,84.2,0,Moderate
41,68900.0,4117.35,2,554,0.0,0.0,29000.0,76300.0,25,0.0,0.2829,7.04,105300.0,64.6,1,Balanced
56,65400.0,3240.13,0,816,8800.0,232.48,47900.0,25400.0,16,0.0427,0.3628,14.78,64500.0,93.1,0,Moderate
43,65700.0,3339.17,3,805,14100.0,356.38,37200.0,22400.0,22,0.0651,0.325,11.14,45500.0,88.6,0,Aggressive
36,147500.0,7029.71,0,672,33400.0,639.8,48600.0,168100.0,28,0.0521,0.376,6.91,183300.0,77.6,0,Balanced
59,105200.0,6647.72,2,656,70600.0,2034.49,85900.0,160900.0,5,0.2321,0.0096,12.92,176200.0,47.6,0,Moderate
65,54200.0,2087.19,0,784,0.0,0.0,38300.0,126700.0,2,0.0,0.5379,18.35,165000.0,95.3,0,Moderate
62,158000.0,7072.64,1,731,152200.0,4841.89,93700.0,252000.0,7,0.3677,0.0951,13.25,193500.0,53.9,0,Balanced
59,77000.0,3326.68,0,764,59200.0,1064.17,9200.0,14900.0,10,0.1658,0.3157,2.77,-35100.0,63.6,0,Moderate
34,80600.0,4827.21,1,735,74800.0,2200.11,8500.0,0.0,38,0.3276,-0.0463,1.76,-66300.0,28.6,1,Aggressive
51,41800.0,2503.71,0,815,14500.0,432.44,46100.0,158300.0,16,0.1241,0.1571,18.41,189900.0,74.3,0,Balanced
25,50300.0,2223.91,0,775,15400.0,399.12,7600.0,0.0,40,0.0952,0.3742,3.42,-7800.0,73.4,0,Aggressive
55,45300.0,1882.4,0,733,22900.0,540.64,17800.0,19200.0,12,0.1432,0.3581,9.46,14100.0,82.8,0,Moderate
43,69400.0,4717.92,2,718,30200.0,944.46,23600.0,60100.0,23,0.1633,0.0209,5.0,53500.0,44.5,0,Balanced
49,94000.0,6421.34,1,759,55400.0,1747.08,89400.0,0.0,18,0.223,-0.0428,13.92,34000.0,54.6,0,Balanced
63,81000.0,4374.95,0,618,150300.0,3894.1,30800.0,95600.0,2,0.5769,-0.2,7.04,-23900.0,28.0,1,Conservative
31,158500.0,10249.56,0,702,68100.0,1437.76,32000.0,24700.0,40,0.1089,0.1152,3.12,-11400.0,47.4,0,Balanced
38,40600.0,2449.49,2,712,25500.0,736.74,2500.0,0.0,30,0.2178,0.0583,1.02,-23000.0,33.6,0,Balanced
67,70500.0,3956.13,0,803,0.0,0.0,79200.0,61300.0,3,0.0,0.3266,20.02,140500.0,91.1,0,Moderate
32,32700.0,1568.14,1,673,44200.0,881.35,11300.0,0.0,34,0.3234,0.1011,7.21,-32900.0,47.0,0,Aggressive
29,39900.0,2371.35,4,769,10200.0,323.9,11300.0,0.0,39,0.0974,0.1894,4.77,1100.0,62.8,0,Aggressive
30,132700.0,6166.73,3,807,0.0,0.0,26600.0,0.0,37,0.0,0.4423,4.31,26600.0,83.9,0,Balanced
64,51300.0,3031.4,0,726,0.0,0.0,50900.0,145900.0,6,0.0,0.2909,16.79,196800.0,83.0,0,Moderate
37,42500.0,2948.17,2,766,0.0,0.0,15300.0,39600.0,31,0.0,0.1676,5.19,54900.0,66.0,0,Balanced
58,24000.0,1258.75,0,805,0.0,0.0,4900.0,7800.0,7,0.0,0.3706,3.89,12700.0,80.4,0,Moderate
27,42300.0,2106.04,2,643,65900.0,2086.05,2000.0,0.0,39,0.5918,-0.1892,0.95,-63900.0,12.9,1,Moderate
66,59100.0,2174.91,0,756,0.0,0.0,90800.0,0.0,5,0.0,0.5584,36.0,90800.0,93.3,0,Moderate
33,31400.0,1271.86,0,791,0.0,0.0,4700.0,0.0,33,0.0,0.5139,3.7,4700.0,81.1,0,Balanced
60,57300.0,2302.33,0,730,0.0,0.0,33300.0,41900.0,10,0.0,0.5178,14.46,75200.0,91.4,0,Balanced
62,133100.0,7824.19,2,715,48900.0,923.46,100500.0,206800.0,6,0.0833,0.2113,12.84,258400.0,72.9,0,Moderate
29,44800.0,2979.26,1,789,0.0,0.0,14300.0,0.0,40,0.0,0.202,4.8,14300.0,69.1,0,Aggressive
70,39400.0,1311.06,0,694,36700.0,789.93,44700.0,57500.0,2,0.2406,0.3601,34.09,65500.0,76.2,0,Moderate
47,35700.0,1369.72,2,759,0.0,0.0,22100.0,0.0,23,0.0,0.5396,16.13,22100.0,93.5,0,Balanced
22,35300.0,1824.05,0,634,34800.0,630.38,2000.0,0.0,40,0.2143,0.1656,1.1,-32800.0,36.5,0,Balanced
25,88800.0,3652.82,0,644,0.0,0.0,9500.0,0.0,39,0.0,0.5064,2.6,9500.0,67.5,0,Balanced
49,68000.0,4149.24,0,774,26100.0,664.46,48300.0,137100.0,18,0.1173,0.1505,11.64,159300.0,71.2,0,Balanced
57,112000.0,5515.07,2,679,30900.0,839.05,117200.0,124400.0,14,0.0899,0.3192,21.25,210700.0,78.1,0,Balanced
58,201000.0,9646.24,2,697,0.0,0.0,141200.0,302600.0,6,0.0,0.4241,14.64,443800.0,89.1,0,Moderate
39,24200.0,983.74,0,759,6500.0,170.89,7500.0,0.0,30,0.0847,0.4275,7.62,1000.0,86.3,0,Aggressive
28,81600.0,3522.0,2,765,62300.0,994.52,18800.0,37100.0,37,0.1463,0.3358,5.34,-6400.0,73.1,0,Balanced
68,35800.0,1946.96,1,831,9700.0,150.15,53300.0,45300.0,4,0.0503,0.2971,27.38,88900.0,88.9,0,Conservative
65,102100.0,3805.65,0,757,0.0,0.0,38000.0,102700.0,6,0.0,0.5527,9.99,140700.0,93.4,0,Balanced
21,57000.0,2611.8,0,628,55100.0,1438.77,1700.0,0.0,40,0.3029,0.1472,0.65,-53400.0,29.9,0,Aggressive
42,67200.0,3608.58,2,714,21600.0,343.4,46400.0,111600.0,30,0.0613,0.2943,12.86,136400.0,79.9,0,Aggressive
37,32700.0,1384.84,3,659,11800.0,181.19,8200.0,0.0,28,0.0665,0.4253,5.92,-3600.0,75.1,0,Balanced
27,52300.0,2208.47,3,784,36700.0,624.09,7300.0,0.0,38,0.1432,0.3501,3.31,-29400.0,70.0,0,Balanced
45,69500.0,3637.66,1,717,84300.0,2625.55,20900.0,29400.0,27,0.4533,-0.0814,5.75,-34000.0,33.3,1,Moderate
65,139500.0,8584.06,2,815,9400.0,285.98,122600.0,74900.0,2,0.0246,0.237,14.28,188100.0,84.3,0,Balanced
24,42700.0,2835.48,1,764,31400.0,517.16,4600.0,0.0,40,0.1453,0.0578,1.62,-26800.0,41.9,0,Aggressive
56,48900.0,1840.46,0,705,31600.0,637.32,29800.0,77800.0,9,0.1564,0.392,16.19,76000.0,82.8,0,Balanced
26,111200.0,4274.75,1,785,0.0,0.0,8900.0,0.0,38,0.0,0.5387,2.08,8900.0,76.1,0,Balanced
51,41200.0,1650.87,2,758,0.0,0.0,7600.0,24100.0,19,0.0,0.5192,4.6,31700.0,81.2,0,Balanced
39,124000.0,6555.64,2,672,57900.0,961.61,67600.0,0.0,29,0.0931,0.2725,10.31,9700.0,74.0,0,Aggressive
64,65800.0,3450.44,0,638,6700.0,110.3,74500.0,196900.0,2,0.0201,0.3506,21.59,264700.0,80.3,0,Moderate
59,78200.0,4667.38,0,705,25800.0,815.28,79500.0,74700.0,12,0.1251,0.1587,17.03,128400.0,66.5,0,Moderate
47,81000.0,4948.14,2,703,0.0,0.0,50600.0,34500.0,21,0.0,0.2669,10.23,85100.0,79.5,0,Balanced
30,47100.0,1975.63,1,720,4100.0,76.45,8600.0,0.0,34,0.0195,0.4772,4.35,4500.0,77.0,0,Balanced
46,82000.0,4405.51,2,700,39700.0,626.51,61800.0,207200.0,26,0.0917,0.2636,14.03,229300.0,75.4,0,Aggressive
39,43300.0,2973.77,2,767,19900.0,625.04,23300.0,42400.0,29,0.1732,0.0026,7.84,45800.0,54.1,0,Balanced
59,50200.0,2136.41,0,780,31400.0,698.13,58000.0,37500.0,7,0.1669,0.3224,27.15,64100.0,82.5,0,Conservative
23,90000.0,4646.19,1,771,28400.0,714.9,4100.0,0.0,40,0.0953,0.2852,0.88,-24300.0,59.4,0,Balanced
65,77800.0,4949.55,0,829,0.0,0.0,62600.0,68800.0,6,0.0,0.2366,12.65,131400.0,86.2,0,Moderate
33,63500.0,3989.3,2,705,0.0,0.0,19500.0,0.0,32,0.0,0.2461,4.89,19500.0,66.7,0,Aggressive
70,33100.0,1873.17,0,685,44600.0,818.22,21900.0,60800.0,2,0.2966,0.0243,11.69,38100.0,48.2,0,Moderate
48,38000.0,1649.62,1,808,5700.0,161.75,21100.0,20400.0,22,0.0511,0.428,12.79,35800.0,95.0,0,Balanced
40,77000.0,3759.39,1,732,80000.0,1513.62,34800.0,0.0,25,0.2359,0.1782,9.26,-45200.0,65.5,0,Balanced
48,99000.0,4726.73,4,693,0.0,0.0,42600.0,0.0,20,0.0,0.4271,9.01,42600.0,88.8,0,Balanced
28,35900.0,1862.64,0,712,44300.0,1025.1,7600.0,0.0,40,0.3427,0.0347,4.08,-36700.0,35.4,0,Balanced
61,41700.0,1464.68,0,614,35800.0,1031.92,9100.0,10500.0,9,0.297,0.2816,6.21,-16200.0,54.6,0,Moderate
59,71200.0,4475.89,1,744,16100.0,346.84,70000.0,0.0,7,0.0585,0.1872,15.64,53900.0,74.1,0,Moderate
21,70400.0,4140.82,0,708,0.0,0.0,1700.0,0.0,40,0.0,0.2942,0.41,1700.0,58.1,0,Aggressive
23,27100.0,1340.19,0,809,10400.0,253.83,3300.0,0.0,40,0.1124,0.2942,2.46,-7100.0,66.5,0,Aggressive
33,72300.0,2870.71,1,705,64000.0,1700.35,11200.0,32500.0,39,0.2822,0.2413,3.9,-20300.0,52.3,0,Balanced
48,47600.0,1547.92,0,641,37300.0,1029.17,31700.0,0.0,24,0.2595,0.3503,20.48,-5600.0,71.0,0,Balanced
69,163200.0,10046.1,1,773,0.0,0.0,158600.0,411400.0,2,0.0,0.2613,15.79,570000.0,84.1,0,Conservative
45,75900.0,3921.86,0,768,44900.0,747.56,11100.0,0.0,19,0.1182,0.2618,2.83,-33800.0,61.9,0,Moderate
53,83400.0,4895.38,1,717,99900.0,2490.86,55700.0,61200.0,19,0.3584,-0.0628,11.38,17000.0,46.2,0,Moderate
58,84600.0,3535.74,0,769,74400.0,1532.81,103900.0,107200.0,12,0.2174,0.2811,29.39,136700.0,76.6,0,Balanced
26,33900.0,1988.22,3,612,41800.0,1299.86,1300.0,0.0,39,0.4601,-0.1639,0.65,-40500.0,11.4,1,Moderate
64,192700.0,10901.52,0,756,10700.0,251.94,110700.0,161900.0,5,0.0157,0.3054,10.15,261900.0,85.6,0,Moderate
65,27100.0,1276.02,0,808,0.0,0.0,21900.0,44600.0,7,0.0,0.435,17.16,66500.0,97.0,0,Moderate
52,102500.0,5300.56,0,734,100000.0,2025.66,36900.0,100800.0,19,0.2372,0.1423,6.96,37700.0,57.2,0,Moderate
65,93000.0,5703.16,1,705,106100.0,2202.57,127900.0,215900.0,4,0.2842,-0.0201,22.43,237700.0,48.3,0,Moderate
67,50900.0,1976.99,0,720,60800.0,1441.98,33800.0,30100.0,2,0.34,0.194,17.1,3100.0,61.7,0,Moderate
41,95500.0,4507.37,4,687,82500.0,1667.6,43200.0,0.0,30,0.2095,0.2241,9.58,-39300.0,66.8,0,Aggressive
36,55600.0,3116.98,2,709,64600.0,1948.93,8300.0,24500.0,36,0.4206,-0.0934,2.66,-31800.0,25.5,1,Moderate
41,45600.0,1538.43,0,799,0.0,0.0,10000.0,5400.0,30,0.0,0.5952,6.5,15400.0,89.4,0,Balanced
31,85700.0,5474.97,2,817,30100.0,600.93,8600.0,18800.0,33,0.0841,0.1492,1.57,-2700.0,54.8,0,Balanced
57,38000.0,2241.0,1,643,0.0,0.0,19900.0,38000.0,8,0.0,0.2923,8.88,57900.0,76.8,0,Moderate
56,58500.0,3571.84,0,765,8700.0,229.94,42100.0,53800.0,13,0.0472,0.2201,11.79,87200.0,78.5,0,Balanced
55,47700.0,2527.4,0,817,18100.0,279.43,5800.0,5700.0,16,0.0703,0.2939,2.29,-6600.0,68.2,0,Moderate
39,55000.0,2048.2,1,761,51100.0,1157.41,30800.0,0.0,28,0.2525,0.3006,15.04,-20300.0,76.1,0,Balanced
40,84000.0,4208.83,3,787,12700.0,309.27,33400.0,0.0,27,0.0442,0.3546,7.94,20700.0,87.4,0,Balanced
38,47700.0,2795.11,0,652,62400.0,1296.44,5800.0,0.0,27,0.3261,-0.0293,2.08,-56600.0,23.6,0,Moderate
67,59500.0,2215.65,0,788,16100.0,446.73,14600.0,50300.0,2,0.0901,0.463,6.59,48800.0,85.3,0,Conservative
61,50200.0,2925.79,1,581,92300.0,2444.68,7700.0,9500.0,11,0.5844,-0.2,2.63,-75100.0,13.1,1,Conservative
69,146400.0,8443.67,0,609,211100.0,6652.56,63800.0,215100.0,2,0.5453,-0.2,7.56,67800.0,28.8,1,Conservative
34,79900.0,4208.36,3,790,57100.0,1350.36,21900.0,44800.0,38,0.2028,0.1651,5.2,9600.0,59.4,0,Aggressive
35,74700.0,3666.02,2,724,66500.0,1605.5,32300.0,0.0,30,0.2579,0.1532,8.81,-34200.0,61.6,0,Aggressive
51,96400.0,4845.07,0,794,0.0,0.0,98800.0,93300.0,17,0.0,0.3969,20.39,192100.0,95.8,0,Balanced
21,47700.0,2879.95,0,758,2200.0,47.42,4900.0,0.0,40,0.0119,0.2636,1.7,2700.0,62.4,0,Aggressive
23,106100.0,4151.71,0,776,73700.0,1139.15,5100.0,15300.0,40,0.1288,0.4016,1.23,-53300.0,68.0,0,Balanced
36,80000.0,5576.69,2,807,22400.0,598.48,17200.0,47200.0,36,0.0898,0.0737,3.08,42000.0,52.4,0,Balanced
43,28000.0,1632.51,2,732,0.0,0.0,21300.0,52500.0,23,0.0,0.3004,13.05,73800.0,84.1,0,Aggressive
31,30200.0,2055.74,1,688,6100.0,147.54,7400.0,0.0,33,0.0586,0.1245,3.6,1300.0,50.4,0,Aggressive
32,48300.0,2317.78,4,699,0.0,0.0,6700.0,0.0,35,0.0,0.4242,2.89,6700.0,72.2,0,Balanced
30,32000.0,1361.67,2,680,22500.0,575.05,3800.0,1900.0,37,0.2156,0.2737,2.79,-16800.0,52.5,0,Balanced
52,58000.0,3434.84,0,682,81700.0,1847.15,27900.0,22500.0,17,0.3822,-0.0928,8.12,-31300.0,40.3,0,Moderate
36,37900.0,2545.31,2,732,32000.0,742.13,13300.0,0.0,32,0.235,-0.0409,5.23,-18700.0,41.7,0,Balanced
28,62700.0,3334.51,2,593,0.0,0.0,12300.0,0.0,40,0.0,0.3618,3.69,12300.0,64.0,0,Aggressive
58,143800.0,7976.45,0,559,0.0,0.0,37000.0,45200.0,14,0.0,0.3344,4.64,82200.0,62.2,1,Moderate
32,64400.0,4116.36,1,790,0.0,0.0,4500.0,13000.0,32,0.0,0.233,1.09,17500.0,61.2,0,Balanced
44,56000.0,2413.84,3,711,59800.0,1409.29,19900.0,0.0,27,0.302,0.1808,8.24,-39900.0,59.4,0,Moderate
48,81900.0,4160.38,0,714,0.0,0.0,23100.0,28800.0,23,0.0,0.3904,5.55,51900.0,80.0,0,Balanced
28,45100.0,2711.23,0,822,23600.0,672.98,8300.0,0.0,40,0.1791,0.0995,3.06,-15300.0,51.8,0,Aggressive
48,105200.0,5078.2,1,761,30200.0,880.84,74200.0,48600.0,18,0.1005,0.3203,14.61,92600.0,83.6,0,Aggressive
56,86900.0,3627.74,0,790,26600.0,527.17,41600.0,45000.0,15,0.0728,0.4262,11.47,60000.0,92.8,0,Balanced
46,67600.0,4609.66,3,724,63200.0,1830.25,41400.0,67100.0,19,0.3249,-0.1432,8.98,45300.0,47.9,0,Moderate
28,72000.0,3805.89,3,645,0.0,0.0,6800.0,0.0,40,0.0,0.3657,1.79,6800.0,62.8,0,Aggressive
70,203400.0,6462.52,0,719,137300.0,3839.88,222400.0,317700.0,2,0.2265,0.3922,34.41,402800.0,81.0,0,Moderate
48,111100.0,7071.78,0,773,72900.0,1401.82,73000.0,0.0,18,0.1514,0.0848,10.32,100.0,64.8,0,Moderate
48,221800.0,12880.1,2,589,317100.0,6362.56,56600.0,92500.0,19,0.3442,-0.0411,4.39,-168000.0,24.8,0,Moderate
57,88700.0,5527.54,1,760,16100.0,474.82,75900.0,258900.0,15,0.0642,0.188,13.73,318700.0,75.1,0,Balanced
61,29500.0,1844.05,1,728,22800.0,504.82,17400.0,50800.0,11,0.2054,0.0445,9.44,45400.0,56.4,0,Moderate
56,57300.0,1941.34,0,804,0.0,0.0,29700.0,97800.0,16,0.0,0.5934,15.3,127500.0,96.7,0,Moderate
47,26000.0,1058.08,1,785,12000.0,211.0,8800.0,0.0,22,0.0974,0.4143,8.32,-3200.0,89.6,0,Aggressive
37,88500.0,4015.31,1,798,52600.0,1203.33,22000.0,0.0,27,0.1632,0.2924,5.48,-30600.0,71.9,0,Balanced
29,99700.0,5552.29,4,759,21000.0,576.48,25000.0,25000.0,40,0.0694,0.2623,4.5,29000.0,67.9,0,Aggressive
53,40600.0,2312.56,1,630,58400.0,881.33,11900.0,32800.0,19,0.2605,0.056,5.15,-13700.0,37.4,0,Moderate
40,46100.0,2724.71,2,748,37700.0,662.82,22300.0,0.0,31,0.1725,0.1182,8.18,-15400.0,62.4,0,Aggressive
33,71800.0,3457.38,0,606,108200.0,1660.44,23500.0,0.0,31,0.2775,0.1447,6.8,-84700.0,46.2,0,Moderate
48,34200.0,1551.84,2,600,37600.0,1198.65,10600.0,6600.0,21,0.4206,0.0349,6.83,-20400.0,31.9,1,Moderate
68,32900.0,1680.08,2,652,23800.0,664.75,5200.0,10000.0,4,0.2425,0.1447,3.1,-8600.0,40.6,0,Conservative
49,130800.0,6948.07,1,797,0.0,0.0,14600.0,19900.0,23,0.0,0.3626,2.1,34500.0,74.2,0,Moderate
33,70500.0,3567.27,1,752,54300.0,958.77,6700.0,0.0,37,0.1632,0.2296,1.88,-47600.0,53.9,0,Moderate
66,48700.0,1748.8,0,734,0.0,0.0,13800.0,17200.0,4,0.0,0.5691,7.89,31000.0,88.6,0,Moderate
55,26100.0,1391.57,0,594,0.0,0.0,19100.0,59200.0,12,0.0,0.3602,13.73,78300.0,78.7,0,Moderate
26,105700.0,3604.55,0,787,53400.0,1686.91,8100.0,0.0,40,0.1915,0.3993,2.25,-45300.0,69.0,0,Balanced
38,45400.0,2161.33,1,807,24900.0,659.06,20500.0,56300.0,30,0.1742,0.2545,9.48,51900.0,79.0,0,Balanced
71,184100.0,10187.05,0,796,12700.0,269.33,41800.0,103600.0,2,0.0176,0.3184,4.1,132700.0,75.7,0,Conservative
25,106200.0,3433.88,0,668,0.0,0.0,5700.0,0.0,39,0.0,0.612,1.66,5700.0,66.6,0,Aggressive
67,42400.0,2148.24,0,690,8000.0,255.85,18700.0,32700.0,2,0.0724,0.3196,8.7,43400.0,78.8,0,Moderate
45,44600.0,2355.65,3,781,0.0,0.0,13400.0,0.0,27,0.0,0.3662,5.69,13400.0,83.3,0,Moderate
22,170600.0,5452.56,0,764,93500.0,2935.1,5400.0,9300.0,40,0.2065,0.41,0.99,-78800.0,63.3,0,Aggressive
30,63200.0,2823.74,2,737,12200.0,186.39,13800.0,0.0,35,0.0354,0.4285,4.89,1600.0,79.1,0,Aggressive
50,49900.0,3311.61,1,822,25000.0,681.41,38900.0,88300.0,22,0.1639,0.0398,11.75,102200.0,64.4,0,Balanced
70,67200.0,3519.37,1,795,24200.0,621.01,26800.0,34900.0,2,0.1109,0.2606,7.61,37500.0,77.3,0,Conservative
65,49800.0,3232.4,0,791,6600.0,175.89,61800.0,93900.0,2,0.0424,0.1787,19.12,149100.0,77.5,0,Conservative
25,75600.0,3716.54,0,786,43600.0,1076.9,4200.0,0.0,40,0.1709,0.2391,1.13,-39400.0,54.7,0,Balanced
53,63500.0,3162.17,0,800,0.0,0.0,26300.0,0.0,19,0.0,0.4024,8.32,26300.0,94.5,0,Balanced
21,107100.0,5147.38,1,598,0.0,0.0,8600.0,0.0,40,0.0,0.4233,1.67,8600.0,61.6,0,Aggressive
38,53400.0,2420.87,1,715,31900.0,978.64,28600.0,30000.0,32,0.2199,0.2361,11.81,26700.0,69.3,0,Aggressive
52,40700.0,1901.43,2,756,12100.0,229.41,37800.0,0.0,14,0.0676,0.3717,19.88,25700.0,88.5,0,Moderate
67,54600.0,2354.03,0,689,7500.0,239.1,17700.0,31200.0,2,0.0525,0.4301,7.52,41400.0,82.3,0,Conservative
69,54400.0,2556.53,0,661,0.0,0.0,80500.0,121000.0,2,0.0,0.4361,31.49,201500.0,86.5,0,Moderate
31,63400.0,2413.41,0,683,60800.0,1371.28,15200.0,0.0,39,0.2595,0.2837,6.3,-45600.0,61.5,0,Balanced
41,93800.0,4298.78,2,747,97800.0,2996.67,37100.0,0.0,27,0.3834,0.0667,8.63,-60700.0,51.3,0,Balanced
46,91000.0,4918.69,4,679,101700.0,2899.95,70400.0,197200.0,23,0.3824,-0.031,14.31,165900.0,42.5,0,Moderate
45,128000.0,6823.51,2,737,136600.0,3045.14,89800.0,288500.0,27,0.2855,0.0748,13.16,241700.0,56.1,0,Aggressive
42,42300.0,2259.97,0,720,0.0,0.0,22000.0,0.0,24,0.0,0.3589,9.73,22000.0,87.6,0,Balanced
47,81900.0,5203.78,1,703,0.0,0.0,60500.0,141800.0,19,0.0,0.2375,11.63,202300.0,77.3,0,Moderate
69,98700.0,4070.16,0,716,23000.0,644.13,69100.0,184200.0,2,0.0783,0.4268,16.98,230300.0,87.3,0,Moderate
33,45700.0,1879.38,1,826,0.0,0.0,15900.0,40400.0,38,0.0,0.5065,8.46,56300.0,96.8,0,Aggressive
53,59000.0,2613.4,0,693,0.0,0.0,15900.0,49400.0,15,0.0,0.4685,6.08,65300.0,80.7,0,Moderate
54,25300.0,1555.43,0,744,14500.0,285.47,28900.0,81200.0,10,0.1354,0.1268,18.58,95600.0,66.5,0,Moderate
61,109000.0,3487.49,0,625,0.0,0.0,79600.0,68600.0,5,0.0,0.6161,22.82,148200.0,83.9,0,Balanced
55,58800.0,3190.62,0,829,9500.0,142.86,64700.0,212500.0,16,0.0292,0.3197,20.28,267700.0,91.3,0,Balanced
21,103100.0,4904.67,0,618,67700.0,1288.58,4700.0,0.0,40,0.15,0.2792,0.96,-63000.0,46.0,0,Balanced
41,74100.0,2991.28,1,681,4500.0,71.06,37700.0,33200.0,31,0.0115,0.5041,12.6,66400.0,87.5,0,Aggressive
68,59800.0,2732.9,1,771,0.0,0.0,44400.0,125000.0,2,0.0,0.4516,16.25,169400.0,94.4,0,Conservative
26,27600.0,1172.95,1,753,4200.0,101.01,3600.0,0.0,40,0.0439,0.4461,3.07,-600.0,74.8,0,Aggressive
48,30400.0,1852.2,0,812,0.0,0.0,25200.0,73500.0,19,0.0,0.2689,13.61,98700.0,87.5,0,Balanced
37,24000.0,1225.5,1,766,5100.0,92.23,2700.0,0.0,31,0.0461,0.3411,2.2,-2400.0,68.8,0,Balanced
25,48600.0,2451.21,0,647,71300.0,1351.6,2900.0,3700.0,40,0.3337,0.061,1.18,-64700.0,25.0,0,Balanced
51,231700.0,12694.75,1,708,0.0,0.0,135500.0,416300.0,19,0.0,0.3425,10.67,551800.0,85.5,0,Balanced
25,32600.0,1727.38,0,665,0.0,0.0,1900.0,0.0,40,0.0,0.3642,1.1,1900.0,62.2,0,Aggressive
58,24000.0,1236.44,1,681,21900.0,499.17,10400.0,26100.0,10,0.2496,0.1322,8.41,14600.0,56.2,0,Moderate
23,112400.0,3626.3,0,755,54500.0,1529.45,4600.0,0.0,40,0.1633,0.4496,1.27,-49900.0,65.2,0,Balanced
43,242800.0,12825.69,3,681,210600.0,4794.15,50800.0,42100.0,22,0.2369,0.1292,3.96,-117700.0,44.1,0,Moderate
57,78000.0,2948.07,0,758,30900.0,646.56,86200.0,168200.0,14,0.0995,0.447,29.24,223500.0,89.4,0,Moderate
57,77600.0,4216.64,0,737,14100.0,442.2,90000.0,0.0,14,0.0684,0.2796,21.34,75900.0,80.2,0,Balanced
30,55800.0,2430.47,3,691,63200.0,956.91,12800.0,0.0,36,0.2058,0.2715,5.27,-50400.0,60.4,0,Aggressive
30,24700.0,1328.7,1,801,15900.0,321.05,1000.0,3000.0,38,0.156,0.1985,0.75,-11900.0,52.2,0,Balanced
39,29800.0,1252.23,1,782,23400.0,593.42,16300.0,0.0,32,0.239,0.2568,13.02,-7100.0,74.8,0,Aggressive
37,55600.0,4075.19,3,695,54500.0,1542.77,17100.0,0.0,35,0.333,-0.2,4.2,-37400.0,32.3,0,Balanced
41,50000.0,2142.57,0,791,16500.0,476.5,29500.0,0.0,29,0.1144,0.3714,13.77,13000.0,89.1,0,Balanced
34,62100.0,2846.71,1,708,41500.0,655.0,13600.0,39900.0,33,0.1266,0.3233,4.78,12000.0,67.3,0,Balanced
29,104400.0,6867.38,1,682,0.0,0.0,3500.0,6700.0,38,0.0,0.2106,0.51,10200.0,50.2,0,Aggressive
66,48000.0,2347.76,1,713,0.0,0.0,51000.0,165600.0,2,0.0,0.4131,21.72,216600.0,90.2,0,Moderate
21,105600.0,6733.28,0,737,47800.0,890.96,6100.0,0.0,40,0.1012,0.1336,0.91,-41700.0,45.4,0,Balanced
71,48200.0,1565.17,0,701,61800.0,1045.48,69700.0,188800.0,2,0.2603,0.35,36.0,196700.0,75.2,0,Conservative
65,117100.0,4903.93,0,609,83100.0,2305.58,111500.0,89900.0,4,0.2363,0.2612,22.74,118300.0,62.9,0,Conservative
33,69400.0,3738.79,0,771,0.0,0.0,13100.0,8000.0,39,0.0,0.3535,3.5,21100.0,75.6,0,Balanced
24,52100.0,3196.95,0,744,54800.0,823.56,5300.0,0.0,40,0.1897,0.074,1.66,-49500.0,40.0,0,Aggressive
21,68700.0,2991.67,1,713,84600.0,1590.54,4200.0,0.0,40,0.2778,0.1996,1.4,-80400.0,43.0,0,Aggressive
69,56300.0,3529.03,0,710,0.0,0.0,23800.0,62800.0,2,0.0,0.2478,6.74,86600.0,72.3,0,Conservative
60,70400.0,4092.87,2,670,39500.0,759.83,40400.0,74800.0,6,0.1295,0.1728,9.87,75700.0,64.9,0,Moderate
52,100400.0,5860.04,0,759,24500.0,507.04,32000.0,66200.0,12,0.0606,0.239,5.46,73700.0,69.2,0,Moderate
54,63100.0,3254.29,2,786,5700.0,111.8,6800.0,20000.0,15,0.0213,0.3599,2.09,21100.0,72.4,0,Moderate
48,54000.0,2271.92,1,723,48100.0,1473.73,15500.0,0.0,24,0.3275,0.1676,6.82,-32600.0,54.3,0,Aggressive
51,35700.0,2214.87,0,580,41700.0,790.34,8100.0,17300.0,17,0.2657,-0.0102,3.66,-16300.0,25.3,0,Moderate
28,91000.0,5712.18,0,796,0.0,0.0,2300.0,0.0,37,0.0,0.2467,0.4,2300.0,60.8,0,Balanced
59,80100.0,3865.03,0,689,58100.0,1817.15,78900.0,141500.0,8,0.2722,0.1487,20.41,162300.0,58.8,0,Moderate
46,34500.0,1214.97,1,763,16600.0,497.11,4800.0,0.0,23,0.1729,0.4045,3.95,-11800.0,72.8,0,Moderate
54,104800.0,3702.18,0,647,108900.0,2206.03,52200.0,107800.0,16,0.2526,0.3235,14.1,51100.0,69.7,0,Moderate
23,34200.0,1850.25,1,768,0.0,0.0,2000.0,4500.0,40,0.0,0.3508,1.08,6500.0,68.5,0,Balanced
70,116500.0,4169.83,1,782,0.0,0.0,52000.0,105800.0,2,0.0,0.5705,12.47,157800.0,95.1,0,Conservative
32,96600.0,5625.06,4,729,93500.0,2861.44,37500.0,0.0,36,0.3555,-0.0542,6.67,-56000.0,40.7,0,Balanced
21,83400.0,3484.37,0,668,55800.0,846.49,5700.0,0.0,40,0.1218,0.3769,1.64,-50100.0,60.0,0,Aggressive
64,53800.0,2984.73,0,566,94800.0,2055.55,50800.0,0.0,5,0.4585,-0.1242,17.02,-44000.0,31.4,1,Moderate
25,90800.0,3043.55,0,643,155200.0,4570.05,7200.0,0.0,40,0.604,-0.0062,2.37,-148000.0,16.8,1,Balanced
50,119600.0,5735.74,0,826,20500.0,450.55,101100.0,252600.0,15,0.0452,0.3793,17.63,333200.0,94.9,0,Balanced
50,91700.0,4673.99,0,757,11200.0,305.1,92600.0,217100.0,16,0.0399,0.3484,19.81,298500.0,87.9,0,Moderate
37,45800.0,2698.06,2,716,0.0,0.0,10300.0,0.0,34,0.0,0.2931,3.82,10300.0,68.0,0,Aggressive
68,76700.0,3720.35,1,703,26400.0,488.21,64600.0,75900.0,2,0.0764,0.3416,17.36,114100.0,82.1,0,Moderate
67,123300.0,5155.45,0,707,125100.0,2832.65,103900.0,128800.0,2,0.2757,0.2226,20.15,107600.0,65.5,0,Conservative
43,221800.0,14287.57,3,810,13300.0,327.51,187500.0,536700.0,24,0.0177,0.2093,13.12,710900.0,82.1,0,Aggressive
35,59100.0,3541.21,0,795,3700.0,100.5,9600.0,24700.0,33,0.0204,0.2606,2.71,30600.0,67.3,0,Moderate
57,106100.0,5812.93,0,778,63800.0,1848.96,98100.0,306600.0,9,0.2091,0.1334,16.88,340900.0,66.5,0,Conservative
41,123500.0,8571.32,2,761,68800.0,1920.82,19000.0,32500.0,26,0.1866,-0.0195,2.22,-17300.0,37.3,0,Balanced
34,42300.0,2491.84,1,740,20800.0,322.01,18700.0,0.0,36,0.0914,0.2017,7.5,-2100.0,69.4,0,Balanced
22,176300.0,10663.91,1,622,0.0,0.0,11000.0,0.0,40,0.0,0.2742,1.03,11000.0,52.1,0,Balanced
31,36800.0,1616.63,2,696,0.0,0.0,11200.0,0.0,40,0.0,0.4728,6.93,11200.0,83.2,0,Aggressive
71,103300.0,4715.78,0,780,11800.0,292.12,169800.0,589000.0,2,0.0339,0.4182,36.0,747000.0,93.6,0,Moderate
59,78300.0,3745.49,0,687,66500.0,1419.14,57000.0,199400.0,8,0.2175,0.2085,15.22,189900.0,65.3,0,Moderate
58,68200.0,2742.31,0,714,73800.0,2002.82,59900.0,190000.0,6,0.3524,0.1651,21.84,176100.0,58.6,0,Moderate
54,268500.0,13232.93,0,756,104300.0,2759.37,228400.0,552500.0,12,0.1233,0.2853,17.26,676600.0,79.8,0,Balanced
58,56100.0,2320.28,0,727,52400.0,1302.21,35800.0,18600.0,13,0.2785,0.2251,15.43,2000.0,67.0,0,Moderate
70,55600.0,3034.84,0,798,33800.0,1002.08,48900.0,127100.0,2,0.2163,0.1287,16.11,142200.0,67.3,0,Moderate
54,137600.0,7431.72,2,703,157000.0,2626.97,38200.0,46400.0,17,0.2291,0.1228,5.14,-72400.0,48.8,0,Moderate
38,100600.0,4724.2,0,723,0.0,0.0,26000.0,0.0,31,0.0,0.4365,5.5,26000.0,81.2,0,Aggressive
50,133900.0,8630.49,0,645,173900.0,4072.25,117400.0,304200.0,18,0.365,-0.1384,13.6,247700.0,40.8,0,Balanced
35,70600.0,3394.55,1,755,0.0,0.0,12100.0,33500.0,37,0.0,0.423,3.56,45600.0,78.1,0,Aggressive
47,78800.0,3446.96,0,745,63500.0,1030.18,56700.0,140500.0,21,0.1569,0.3182,16.45,133700.0,80.1,0,Balanced
71,188200.0,9213.04,2,709,0.0,0.0,42800.0,68300.0,2,0.0,0.4126,4.65,111100.0,77.8,0,Conservative
54,41800.0,2570.35,0,727,9600.0,295.11,24200.0,49200.0,13,0.0847,0.1774,9.42,63800.0,71.1,0,Moderate
58,62500.0,3014.01,0,701,0.0,0.0,10400.0,34400.0,10,0.0,0.4213,3.45,44800.0,73.9,0,Moderate
53,102600.0,5301.05,0,709,32300.0,959.61,57000.0,153300.0,11,0.1122,0.2678,10.75,178000.0,75.5,0,Moderate
44,59400.0,2437.02,1,611,46200.0,935.21,4300.0,0.0,25,0.1889,0.3187,1.76,-41900.0,49.2,0,Moderate
35,48400.0,2405.39,0,704,33700.0,990.65,15100.0,34400.0,31,0.2456,0.158,6.28,15800.0,54.0,0,Moderate
50,93000.0,3796.41,0,650,156300.0,3687.24,51500.0,169100.0,15,0.4758,0.0344,13.57,64300.0,39.3,1,Moderate
62,138000.0,8650.93,2,646,235800.0,6021.45,139400.0,234400.0,7,0.5236,-0.2,16.11,138000.0,35.4,1,Moderate
71,61200.0,3636.36,0,770,43300.0,825.3,67900.0,54700.0,2,0.1618,0.1252,18.67,79300.0,67.2,0,Conservative
37,60300.0,3547.27,1,671,94800.0,2560.88,29300.0,0.0,35,0.5096,-0.2,8.26,-65500.0,35.2,1,Balanced
25,46300.0,2593.18,0,700,64700.0,1330.93,5900.0,0.0,40,0.3449,-0.017,2.28,-58800.0,26.8,0,Balanced
49,56200.0,2927.04,1,636,92400.0,1926.17,9700.0,0.0,21,0.4113,-0.0363,3.31,-82700.0,22.5,0,Conservative
24,120100.0,7054.35,1,555,0.0,0.0,4000.0,0.0,40,0.0,0.2952,0.57,4000.0,47.7,1,Aggressive
30,69200.0,3397.0,1,796,0.0,0.0,2700.0,0.0,40,0.0,0.4109,0.79,2700.0,73.3,0,Balanced
37,42500.0,2268.78,0,637,43100.0,810.95,9200.0,0.0,33,0.229,0.1304,4.06,-33900.0,41.7,0,Balanced
30,76400.0,3843.02,3,759,11700.0,248.93,14600.0,0.0,37,0.0391,0.3573,3.8,2900.0,74.3,0,Aggressive
37,118000.0,4404.38,1,739,0.0,0.0,64400.0,0.0,30,0.0,0.5521,14.62,64400.0,92.1,0,Aggressive
40,48600.0,2532.83,2,799,0.0,0.0,20000.0,0.0,30,0.0,0.3746,7.9,20000.0,91.4,0,Aggressive
44,31900.0,1607.52,1,601,27100.0,769.22,16800.0,0.0,27,0.2894,0.1059,10.45,-10300.0,48.6,0,Balanced
25,220800.0,8879.16,0,792,0.0,0.0,13200.0,21100.0,40,0.0,0.5174,1.49,34300.0,75.0,0,Aggressive
54,31000.0,1733.63,0,755,17000.0,451.25,8100.0,16000.0,13,0.1747,0.1542,4.67,7100.0,55.8,0,Conservative
26,54300.0,1852.63,0,621,64800.0,1494.99,7600.0,19100.0,40,0.3304,0.2602,4.1,-38100.0,46.3,0,Balanced
22,75200.0,2939.69,0,792,42300.0,1170.87,3000.0,6700.0,40,0.1868,0.3441,1.02,-32600.0,62.0,0,Balanced
33,57000.0,3417.27,1,813,12600.0,191.9,24300.0,80100.0,39,0.0404,0.2402,7.11,91800.0,78.5,0,Aggressive
63,63500.0,2936.08,0,731,45500.0,918.89,21800.0,51800.0,7,0.1736,0.2715,7.42,28100.0,70.5,0,Moderate
63,90900.0,5015.51,0,829,33600.0,891.92,128000.0,413700.0,3,0.1177,0.2201,25.52,508100.0,80.3,0,Moderate
68,24000.0,1213.99,0,777,15900.0,505.37,32400.0,0.0,2,0.2527,0.1403,26.69,16500.0,65.2,0,Moderate
31,33000.0,2090.78,0,781,0.0,0.0,8300.0,0.0,37,0.0,0.2397,3.97,8300.0,69.1,0,Aggressive
71,67800.0,3950.02,2,660,11500.0,272.2,90000.0,239800.0,2,0.0482,0.2527,22.78,318300.0,73.5,0,Moderate
67,53000.0,2057.94,2,625,7300.0,224.15,27500.0,28000.0,5,0.0508,0.4833,13.36,48200.0,81.9,0,Moderate
43,71100.0,3561.82,2,586,121300.0,3600.2,10300.0,0.0,25,0.6076,-0.2,2.89,-111000.0,14.2,1,Moderate
36,75000.0,2732.65,0,712,40200.0,618.81,8900.0,18900.0,28,0.099,0.4638,3.26,-12400.0,70.2,0,Moderate
51,24000.0,1499.71,0,788,0.0,0.0,8900.0,7800.0,16,0.0,0.2501,5.93,16700.0,75.8,0,Moderate
31,133300.0,5127.66,1,734,0.0,0.0,24200.0,69100.0,34,0.0,0.5384,4.72,93300.0,79.8,0,Aggressive
36,50300.0,2410.55,1,756,39300.0,1117.02,24700.0,71000.0,31,0.2665,0.1584,10.25,56400.0,64.5,0,Balanced
28,41100.0,1748.26,1,716,32500.0,658.15,1800.0,2500.0,40,0.1922,0.2974,1.03,-28200.0,52.9,0,Balanced
24,74200.0,4691.23,1,797,27800.0,778.82,10000.0,0.0,40,0.126,0.1154,2.13,-17800.0,50.7,0,Balanced
60,70200.0,3179.05,1,756,0.0,0.0,90400.0,313400.0,6,0.0,0.4566,28.44,403800.0,93.3,0,Balanced
24,127800.0,8272.47,0,743,23600.0,745.61,13000.0,0.0,40,0.07,0.1532,1.57,-10600.0,50.4,0,Aggressive
45,76800.0,3042.86,2,792,19900.0,600.98,63200.0,44400.0,22,0.0939,0.4306,20.77,87700.0,92.1,0,Balanced
23,125100.0,4496.41,0,805,33000.0,609.52,12700.0,18900.0,40,0.0585,0.5102,2.82,-1400.0,77.3,0,Aggressive
52,39500.0,1546.61,0,645,0.0,0.0,21200.0,72200.0,17,0.0,0.5301,13.71,93400.0,85.4,0,Balanced
23,71500.0,4197.3,0,785,50000.0,1281.91,5700.0,0.0,40,0.2151,0.0804,1.36,-44300.0,41.6,0,Aggressive
47,35800.0,2301.36,1,684,32300.0,783.24,19900.0,0.0,20,0.2625,-0.0339,8.65,-12400.0,46.7,0,Moderate
49,69800.0,2841.91,2,747,55200.0,836.95,13800.0,0.0,22,0.1439,0.3675,4.86,-41400.0,72.9,0,Moderate
52,62100.0,2033.69,0,738,18600.0,402.86,17500.0,31000.0,15,0.0778,0.5292,8.61,29900.0,87.8,0,Moderate
70,60700.0,3833.32,2,621,34400.0,1046.23,48500.0,0.0,2,0.2068,0.0353,12.65,14100.0,48.0,0,Moderate
71,61000.0,2202.82,0,776,13400.0,405.65,20900.0,55500.0,2,0.0798,0.4869,9.49,63000.0,91.5,0,Balanced
39,99200.0,3911.78,1,624,134000.0,2474.5,52000.0,41500.0,26,0.2993,0.2275,13.29,-40500.0,58.9,0,Aggressive
41,27300.0,884.85,0,804,0.0,0.0,11600.0,23900.0,26,0.0,0.6111,13.11,35500.0,96.7,0,Balanced
25,40300.0,1343.08,0,640,31300.0,767.67,2500.0,0.0,40,0.2286,0.3715,1.86,-28800.0,53.9,0,Balanced
38,64700.0,2617.49,0,730,55400.0,1634.15,8900.0,0.0,29,0.3031,0.2114,3.4,-46500.0,49.6,0,Balanced
48,34600.0,1285.97,1,734,0.0,0.0,15100.0,51900.0,22,0.0,0.554,11.74,67000.0,91.7,0,Balanced
62,67900.0,3211.4,1,751,13600.0,427.85,35300.0,49600.0,3,0.0756,0.3568,10.99,71300.0,86.7,0,Moderate
42,64300.0,4249.75,2,786,0.0,0.0,8300.0,0.0,26,0.0,0.2069,1.95,8300.0,61.4,0,Moderate
41,30600.0,1403.85,1,717,0.0,0.0,20400.0,62500.0,26,0.0,0.4495,14.53,82900.0,90.5,0,Balanced
26,29800.0,1666.65,0,718,28300.0,776.42,1900.0,0.0,40,0.3127,0.0162,1.14,-26400.0,27.4,1,Balanced
21,24000.0,915.13,1,752,5600.0,167.55,2100.0,0.0,40,0.0838,0.4587,2.29,-3500.0,71.0,0,Balanced
25,33800.0,1813.23,0,689,29900.0,870.9,900.0,0.0,40,0.3092,0.0471,0.5,-29000.0,26.1,0,Balanced
61,66700.0,2816.4,0,795,0.0,0.0,91500.0,81400.0,9,0.0,0.4933,32.49,172900.0,96.1,0,Balanced
32,72100.0,4325.41,1,808,14800.0,279.75,20000.0,68900.0,33,0.0466,0.2335,4.62,74100.0,70.5,0,Aggressive
46,73900.0,2675.8,0,685,11300.0,335.55,41200.0,0.0,19,0.0545,0.511,15.4,29900.0,86.0,0,Balanced
66,43100.0,2798.46,1,825,9500.0,156.18,59800.0,39100.0,2,0.0435,0.1774,21.37,89400.0,79.8,0,Moderate
54,65500.0,2822.13,1,786,0.0,0.0,51100.0,0.0,14,0.0,0.483,18.11,51100.0,95.4,0,Moderate
69,82300.0,3574.94,0,771,0.0,0.0,21100.0,25700.0,2,0.0,0.4787,5.9,46800.0,85.7,0,Conservative
34,32900.0,2303.2,2,780,0.0,0.0,7800.0,0.0,36,0.0,0.1599,3.39,7800.0,61.4,0,Aggressive
46,70800.0,3607.22,0,746,52300.0,907.89,20300.0,29100.0,19,0.1539,0.2347,5.63,-2900.0,64.7,0,Moderate
65,94900.0,4794.89,2,785,8300.0,193.32,81100.0,57500.0,2,0.0244,0.3692,16.91,130300.0,92.1,0,Moderate
47,50500.0,3366.0,1,791,22900.0,530.3,22400.0,11900.0,25,0.126,0.0741,6.65,11400.0,59.8,0,Moderate
29,118700.0,6247.88,3,746,34900.0,715.56,30600.0,41200.0,40,0.0723,0.296,4.9,36900.0,70.5,0,Balanced
46,51200.0,2295.25,3,652,60900.0,1863.06,12300.0,23600.0,19,0.4367,0.0254,5.36,-25000.0,30.2,1,Moderate
67,41200.0,2811.01,1,804,22600.0,589.93,19100.0,9600.0,2,0.1718,0.0094,6.79,6100.0,54.4,0,Moderate
42,89900.0,3649.48,0,748,77900.0,2466.56,65000.0,145800.0,25,0.3292,0.1836,17.81,132900.0,63.3,0,Balanced
67,202500.0,12833.49,1,675,0.0,0.0,280100.0,420400.0,2,0.0,0.2395,21.83,700500.0,75.5,0,Moderate
50,69400.0,2811.95,1,744,44200.0,959.31,70400.0,117600.0,15,0.1659,0.3479,25.04,143800.0,81.9,0,Balanced
63,93800.0,5569.7,1,703,0.0,0.0,78300.0,100600.0,5,0.0,0.2875,14.06,178900.0,81.1,0,Balanced
68,50000.0,2457.42,0,723,5800.0,128.68,14800.0,30900.0,2,0.0309,0.3793,6.02,39900.0,79.9,0,Moderate
37,33400.0,2483.74,3,752,21400.0,416.27,17400.0,20700.0,34,0.1496,-0.0419,7.01,16700.0,51.5,0,Balanced
46,72500.0,3873.51,1,785,49200.0,1572.57,14600.0,0.0,21,0.2603,0.0986,3.77,-34600.0,47.8,0,Moderate
56,79100.0,2570.79,0,747,33400.0,996.76,22000.0,69800.0,15,0.1512,0.4588,8.56,58400.0,85.4,0,Moderate
21,54300.0,2993.52,1,759,25400.0,616.97,1700.0,0.0,40,0.1363,0.2021,0.57,-23700.0,49.8,0,Balanced
28,93600.0,3729.39,1,749,70200.0,1723.34,17500.0,12800.0,36,0.2209,0.3009,4.69,-39900.0,64.5,0,Aggressive
69,46200.0,3000.75,2,754,0.0,0.0,14200.0,16900.0,3,0.0,0.2206,4.73,31100.0,67.8,0,Conservative
55,40300.0,2426.82,0,692,0.0,0.0,35600.0,50900.0,16,0.0,0.2774,14.67,86500.0,79.5,0,Moderate
35,118600.0,6452.21,2,756,38400.0,1102.35,8400.0,23600.0,29,0.1115,0.2356,1.3,-6400.0,55.1,0,Balanced
67,118900.0,6869.33,0,681,0.0,0.0,32100.0,18200.0,2,0.0,0.3067,4.67,50300.0,68.9,0,Conservative
42,46700.0,2171.72,3,691,15400.0,277.16,15600.0,30200.0,24,0.0712,0.3707,7.18,30400.0,78.5,0,Balanced
34,170300.0,8753.86,1,636,0.0,0.0,29900.0,51500.0,34,0.0,0.3832,3.42,81400.0,68.0,0,Balanced
46,56500.0,2531.1,0,744,13900.0,229.03,49500.0,0.0,24,0.0486,0.4138,19.56,35600.0,90.5,0,Balanced
48,69300.0,4068.64,2,795,0.0,0.0,68400.0,0.0,16,0.0,0.2955,16.81,68400.0,88.2,0,Aggressive
43,63200.0,2516.37,2,737,0.0,0.0,12600.0,0.0,21,0.0,0.5222,5.01,12600.0,80.8,0,Balanced
34,88300.0,5598.58,2,709,0.0,0.0,38100.0,42200.0,35,0.0,0.2392,6.81,80300.0,71.8,0,Balanced
44,76800.0,3402.57,3,754,23600.0,650.45,45600.0,0.0,24,0.1016,0.3667,13.4,22000.0,86.6,0,Balanced
22,76300.0,4085.79,0,687,6200.0,144.36,3800.0,0.0,40,0.0227,0.3347,0.93,-2400.0,60.1,0,Balanced
65,37800.0,1346.26,1,651,25100.0,411.67,38500.0,28000.0,2,0.1307,0.4419,28.6,41400.0,80.6,0,Moderate
46,26100.0,1637.24,1,787,5900.0,161.76,22200.0,41500.0,21,0.0744,0.1729,13.56,57800.0,75.5,0,Balanced
34,124000.0,5475.43,2,650,151800.0,3301.15,12800.0,24100.0,31,0.3195,0.1507,2.34,-114900.0,35.7,0,Moderate
71,49000.0,2720.31,2,741,0.0,0.0,22300.0,32500.0,2,0.0,0.3338,8.2,54800.0,85.0,0,Conservative
27,64400.0,3030.0,2,800,17900.0,357.78,7600.0,0.0,40,0.0667,0.3687,2.51,-10300.0,73.4,0,Aggressive
23,79200.0,4415.79,0,737,66400.0,1269.35,2200.0,0.0,40,0.1923,0.1386,0.5,-64200.0,41.0,0,Aggressive
67,162100.0,6869.53,0,606,166600.0,3417.47,87300.0,45200.0,3,0.253,0.2385,12.71,-34100.0,60.3,0,Moderate
43,72300.0,4276.81,1,828,20900.0,602.65,42500.0,0.0,29,0.1,0.1901,9.94,21600.0,78.7,0,Aggressive
66,53300.0,2371.62,1,672,72100.0,1604.25,62400.0,141600.0,2,0.3612,0.1049,26.31,131900.0,50.7,0,Conservative
63,49600.0,2814.76,0,744,12700.0,257.8,26100.0,35900.0,6,0.0624,0.2566,9.27,49300.0,79.2,0,Moderate
67,64800.0,2118.11,0,689,94700.0,2117.54,32800.0,32900.0,2,0.3921,0.2156,15.49,-29000.0,59.0,0,Moderate
65,40100.0,1648.53,0,721,0.0,0.0,47500.0,121300.0,2,0.0,0.5067,28.81,168800.0,90.8,0,Moderate
38,67200.0,3916.94,3,691,30700.0,925.31,16500.0,0.0,32,0.1652,0.1353,4.21,-14200.0,48.9,0,Aggressive
58,64300.0,2132.74,0,785,0.0,0.0,73100.0,237200.0,6,0.0,0.602,34.28,310300.0,95.4,0,Balanced
55,163200.0,6724.03,1,782,0.0,0.0,203000.0,607600.0,17,0.0,0.5056,30.19,810600.0,95.1,0,Balanced
71,63200.0,3970.09,0,718,75100.0,1494.71,103800.0,278200.0,2,0.2838,-0.0376,26.15,306900.0,49.2,0,Conservative
35,24000.0,1701.47,2,735,0.0,0.0,8400.0,0.0,36,0.0,0.1493,4.94,8400.0,61.7,0,Aggressive
45,287900.0,16215.97,0,788,154900.0,3885.2,110800.0,276800.0,19,0.1619,0.1622,6.83,232700.0,65.2,0,Moderate
57,112000.0,4488.21,0,676,6900.0,137.68,18400.0,47500.0,11,0.0148,0.5044,4.1,59000.0,73.4,0,Moderate
48,208000.0,9086.25,1,719,130000.0,2892.22,145500.0,405900.0,18,0.1669,0.3089,16.01,421400.0,77.1,0,Balanced
30,35000.0,1978.42,1,635,14900.0,288.97,10000.0,0.0,37,0.0991,0.2226,5.05,-4900.0,56.4,0,Aggressive
59,58600.0,2085.38,0,743,0.0,0.0,11300.0,27400.0,8,0.0,0.573,5.42,38700.0,82.4,0,Conservative
37,95900.0,6707.6,2,689,138800.0,4068.85,4600.0,0.0,34,0.5091,-0.2,0.69,-134200.0,15.4,1,Balanced
59,88900.0,3481.36,0,681,16100.0,321.55,91300.0,151200.0,7,0.0434,0.4867,26.23,226400.0,86.2,0,Moderate
42,78300.0,5349.55,1,762,55400.0,1620.62,10600.0,26400.0,22,0.2484,-0.0682,1.98,-18400.0,34.3,0,Moderate
46,24000.0,1236.59,1,805,3200.0,74.03,3600.0,0.0,22,0.037,0.3447,2.91,400.0,74.2,0,Moderate
64,25800.0,1480.43,0,765,0.0,0.0,36400.0,88500.0,2,0.0,0.3114,24.59,124900.0,87.3,0,Moderate
45,152500.0,4840.27,0,671,126900.0,3633.37,18300.0,42400.0,24,0.2859,0.3332,3.78,-66200.0,56.3,0,Moderate
37,168100.0,11423.78,2,632,60300.0,1291.08,15500.0,0.0,30,0.0922,0.0923,1.36,-44800.0,36.4,0,Moderate
33,62400.0,2953.6,2,763,57800.0,1562.41,17100.0,0.0,39,0.3005,0.1315,5.79,-40700.0,52.7,0,Aggressive
40,142200.0,7669.02,0,741,36700.0,1072.85,74900.0,0.0,30,0.0905,0.2623,9.77,38200.0,78.3,0,Balanced
45,37700.0,2207.15,0,800,5800.0,181.95,15500.0,0.0,20,0.0579,0.2395,7.02,9700.0,76.6,0,Moderate
24,42700.0,1728.14,1,669,4600.0,75.71,2400.0,0.0,40,0.0213,0.4931,1.39,-2200.0,65.1,0,Balanced
30,36100.0,1795.99,1,781,10600.0,160.51,8500.0,0.0,40,0.0534,0.3496,4.73,-2100.0,77.3,0,Aggressive
23,41500.0,1997.31,0,726,0.0,0.0,2600.0,0.0,40,0.0,0.4225,1.3,2600.0,69.8,0,Balanced
61,98500.0,4472.29,1,799,36000.0,701.72,14800.0,26400.0,5,0.0855,0.3697,3.31,5200.0,74.9,0,Moderate
65,41200.0,1966.28,0,791,0.0,0.0,12600.0,35100.0,2,0.0,0.4273,6.41,47700.0,88.6,0,Conservative
38,226800.0,10338.65,1,778,0.0,0.0,89500.0,305100.0,26,0.0,0.453,8.66,394600.0,93.9,0,Balanced
67,85200.0,3722.52,0,683,0.0,0.0,101400.0,196000.0,2,0.0,0.4757,27.24,297400.0,88.1,0,Conservative
56,120100.0,6482.72,0,762,97200.0,1664.31,117900.0,61100.0,14,0.1663,0.186,18.19,81800.0,71.0,0,Aggressive
67,86600.0,4568.42,0,745,0.0,0.0,105600.0,241700.0,5,0.0,0.367,23.12,347300.0,90.0,0,Balanced
42,129000.0,6373.74,3,723,0.0,0.0,74100.0,182400.0,30,0.0,0.4071,11.63,256500.0,90.9,0,Aggressive
54,41100.0,2531.05,0,760,0.0,0.0,6000.0,17900.0,15,0.0,0.261,2.37,23900.0,64.7,0,Moderate
67,146700.0,8864.54,0,787,84100.0,2457.23,224200.0,246200.0,2,0.201,0.0739,25.29,386300.0,63.0,0,Moderate
28,71500.0,3715.82,1,797,39700.0,814.81,18700.0,0.0,40,0.1368,0.2396,5.03,-21000.0,67.7,0,Aggressive
60,128700.0,6792.15,2,711,0.0,0.0,95500.0,175900.0,5,0.0,0.3667,14.06,271400.0,87.6,0,Moderate
69,30000.0,1326.86,0,773,6900.0,124.59,16200.0,40400.0,2,0.0498,0.4194,12.21,49700.0,92.5,0,Moderate
64,73100.0,4281.88,1,728,8800.0,256.96,67000.0,46400.0,2,0.0422,0.2549,15.65,104600.0,78.7,0,Conservative
39,71700.0,4353.78,2,754,29500.0,645.46,27900.0,87900.0,30,0.108,0.1633,6.41,86300.0,63.9,0,Balanced
62,47100.0,1799.5,0,766,0.0,0.0,19900.0,40500.0,5,0.0,0.5415,11.06,60400.0,94.0,0,Moderate
61,78600.0,4248.22,0,674,13800.0,433.68,63200.0,197900.0,5,0.0662,0.2852,14.88,247300.0,76.2,0,Moderate
57,154300.0,6184.5,0,690,0.0,0.0,146600.0,222900.0,7,0.0,0.519,23.7,369500.0,88.6,0,Moderate
26,45100.0,1456.07,0,826,16600.0,513.19,8400.0,0.0,40,0.1365,0.476,5.77,-8200.0,83.9,0,Aggressive
46,112300.0,6173.54,0,625,108100.0,2175.09,11500.0,0.0,24,0.2324,0.1079,1.86,-96600.0,32.9,0,Moderate
54,35600.0,2011.16,1,678,15600.0,454.49,9900.0,33000.0,10,0.1532,0.1689,4.92,27300.0,52.9,0,Conservative
65,211100.0,9575.56,0,641,134100.0,3525.72,193700.0,645500.0,2,0.2004,0.2553,20.23,705100.0,66.2,0,Moderate
26,101900.0,5691.75,2,712,14100.0,417.95,17300.0,0.0,40,0.0492,0.2805,3.04,3200.0,62.7,0,Aggressive
57,170900.0,10807.54,0,754,55500.0,1753.47,122300.0,209000.0,12,0.1231,0.118,11.32,275800.0,67.1,0,Balanced
53,95800.0,4934.34,0,805,5000.0,149.08,85100.0,58100.0,17,0.0187,0.3632,17.25,138200.0,93.3,0,Balanced
42,82000.0,4941.55,2,801,41800.0,913.84,6800.0,9700.0,29,0.1337,0.1431,1.38,-25300.0,50.7,0,Moderate
41,102300.0,4139.44,2,743,101400.0,2925.04,46800.0,47900.0,30,0.3431,0.1713,11.31,-6700.0,61.5,0,Balanced
26,61400.0,3102.74,4,716,51100.0,1384.71,11600.0,27400.0,40,0.2706,0.123,3.74,-12100.0,44.2,0,Aggressive
26,27200.0,1315.53,2,623,35300.0,566.47,3200.0,9100.0,40,0.2499,0.1697,2.43,-23000.0,38.3,0,Balanced
68,84600.0,4200.05,0,707,56100.0,1728.21,121900.0,248700.0,2,0.2451,0.1591,29.02,314500.0,61.9,0,Moderate
24,43700.0,2515.07,0,697,11600.0,265.89,3400.0,0.0,40,0.073,0.2363,1.35,-8200.0,52.6,0,Balanced
50,36100.0,1650.06,1,646,0.0,0.0,27400.0,0.0,19,0.0,0.4515,16.61,27400.0,85.4,0,Balanced
31,93900.0,4088.98,0,627,65900.0,1465.05,5800.0,0.0,40,0.1872,0.2902,1.42,-60100.0,47.3,0,Balanced
50,56800.0,2283.65,0,697,61400.0,1550.56,10700.0,11100.0,15,0.3276,0.19,4.69,-39600.0,48.2,0,Moderate
51,116500.0,5066.23,1,796,81600.0,2018.79,25400.0,0.0,14,0.2079,0.2702,5.01,-56200.0,67.0,0,Moderate
44,42900.0,2858.38,1,751,20200.0,500.38,18800.0,34400.0,25,0.14,0.0605,6.58,33000.0,55.1,0,Moderate
29,51100.0,2700.56,0,780,16700.0,323.13,6300.0,19700.0,37,0.0759,0.2899,2.33,9300.0,65.2,0,Balanced
23,124600.0,4593.18,0,718,73900.0,1903.36,10600.0,0.0,40,0.1833,0.3743,2.31,-63300.0,62.7,0,Balanced
71,77200.0,4303.25,0,768,32000.0,973.63,125900.0,159300.0,2,0.1513,0.1798,29.26,253200.0,71.6,0,Conservative
51,29400.0,1638.58,0,834,8700.0,187.98,22600.0,15900.0,19,0.0767,0.2545,13.79,29800.0,84.9,0,Balanced
60,76200.0,4105.83,0,827,29000.0,745.88,32100.0,78700.0,11,0.1175,0.236,7.82,81800.0,78.1,0,Moderate
57,149400.0,5899.91,1,738,134300.0,2571.55,174700.0,350900.0,12,0.2066,0.3196,29.61,391300.0,77.7,0,Moderate
56,50900.0,2304.06,0,665,55400.0,876.47,31600.0,69400.0,16,0.2066,0.2502,13.71,45600.0,67.3,0,Balanced
44,91900.0,3849.86,2,782,34800.0,868.52,58600.0,37400.0,28,0.1134,0.3839,15.22,61200.0,89.4,0,Aggressive
51,41500.0,2582.16,1,747,0.0,0.0,39500.0,0.0,14,0.0,0.2534,15.3,39500.0,81.6,0,Moderate
26,61400.0,3285.25,0,670,71300.0,1946.56,11200.0,0.0,40,0.3804,-0.0225,3.41,-60100.0,26.4,0,Balanced
22,120500.0,5853.1,0,809,0.0,0.0,8500.0,0.0,40,0.0,0.4171,1.45,8500.0,76.1,0,Aggressive
40,74700.0,3468.61,1,777,30000.0,638.36,43700.0,51800.0,26,0.1025,0.3402,12.6,65500.0,86.2,0,Aggressive
48,134500.0,5085.22,0,639,0.0,0.0,66300.0,221300.0,20,0.0,0.5463,13.04,287600.0,84.9,0,Balanced
31,83600.0,4058.63,4,730,45800.0,1401.57,16200.0,16300.0,40,0.2012,0.2162,3.99,-13300.0,55.7,0,Balanced
24,224200.0,14343.12,0,795,87900.0,1338.13,18800.0,0.0,40,0.0716,0.1607,1.31,-69100.0,53.9,0,Aggressive
35,28000.0,1353.01,3,741,9900.0,243.3,7500.0,0.0,34,0.1043,0.3159,5.54,-2400.0,72.1,0,Aggressive
26,58700.0,2171.65,1,668,80500.0,2471.12,5000.0,0.0,40,0.5052,0.0509,2.3,-75500.0,22.2,1,Balanced
69,36400.0,2319.49,0,719,24900.0,760.39,43800.0,152800.0,2,0.2507,-0.0153,18.88,171700.0,50.6,0,Moderate
50,37800.0,2014.68,1,634,40000.0,997.57,10300.0,8300.0,16,0.3167,0.0437,5.11,-21400.0,34.4,0,Moderate
58,38000.0,2339.1,1,771,30400.0,653.02,33000.0,103800.0,11,0.2062,0.0551,14.11,106400.0,60.2,0,Moderate
71,72600.0,2404.91,0,745,72700.0,1212.73,92900.0,310100.0,2,0.2005,0.402,36.0,330300.0,84.5,0,Moderate
22,74900.0,3787.31,0,780,52300.0,939.01,8400.0,0.0,40,0.1504,0.2428,2.22,-43900.0,58.4,0,Aggressive
35,83700.0,4319.51,2,789,6400.0,169.95,17600.0,0.0,33,0.0244,0.3563,4.07,11200.0,77.7,0,Balanced
31,35700.0,2168.14,1,711,21900.0,334.69,11100.0,0.0,40,0.1125,0.1587,5.12,-10800.0,56.7,0,Aggressive
28,55400.0,2009.96,1,806,13400.0,402.26,15500.0,0.0,37,0.0871,0.4775,7.71,2100.0,89.8,0,Aggressive
46,38900.0,1882.36,1,739,10600.0,264.95,23200.0,0.0,24,0.0817,0.3376,12.32,12600.0,84.1,0,Aggressive
71,110700.0,6454.08,0,701,0.0,0.0,143000.0,431600.0,2,0.0,0.3004,22.16,574600.0,81.9,0,Moderate
65,41000.0,2012.69,0,659,0.0,0.0,25300.0,46500.0,5,0.0,0.4109,12.57,71800.0,86.4,0,Moderate
64,58800.0,2940.08,0,712,37500.0,941.3,80500.0,206600.0,2,0.1921,0.2079,27.38,249600.0,68.1,0,Moderate
25,90100.0,3445.32,1,745,16200.0,252.8,10700.0,0.0,40,0.0337,0.5075,3.11,-5500.0,74.8,0,Balanced
26,47200.0,2017.53,2,791,1800.0,50.87,3800.0,0.0,40,0.0129,0.4741,1.88,2000.0,75.5,0,Aggressive
46,96900.0,5578.21,1,738,50400.0,1544.19,38600.0,91800.0,22,0.1912,0.118,6.92,80000.0,57.4,0,Balanced
24,159200.0,8623.58,0,661,0.0,0.0,12500.0,0.0,40,0.0,0.35,1.45,12500.0,61.8,0,Aggressive
39,73400.0,4964.54,1,765,43200.0,1186.8,14500.0,0.0,30,0.194,-0.0057,2.92,-28700.0,39.3,0,Moderate
40,108600.0,7102.27,3,702,93700.0,2770.34,54000.0,0.0,29,0.3061,-0.0909,7.6,-39700.0,43.3,0,Aggressive
53,24000.0,1154.59,0,713,28400.0,720.85,7500.0,7700.0,18,0.3604,0.0623,6.5,-13200.0,43.5,0,Moderate
40,52300.0,3325.11,1,676,0.0,0.0,20200.0,0.0,24,0.0,0.2371,6.07,20200.0,67.2,0,Balanced
69,73300.0,2576.43,0,737,0.0,0.0,87400.0,125700.0,2,0.0,0.5782,33.92,213100.0,91.9,0,Moderate
32,37100.0,1977.8,2,754,0.0,0.0,13400.0,0.0,33,0.0,0.3603,6.78,13400.0,84.0,0,Aggressive
67,74200.0,3059.78,0,660,61500.0,1037.28,79600.0,145600.0,4,0.1678,0.3374,26.01,163700.0,75.0,0,Moderate
21,118500.0,4165.82,0,830,5400.0,150.94,12800.0,0.0,40,0.0153,0.5629,3.07,7400.0,81.5,0,Aggressive
46,24000.0,1530.8,2,729,0.0,0.0,19100.0,40400.0,25,0.0,0.2346,12.48,59500.0,79.0,0,Aggressive
34,34400.0,2133.71,4,687,42100.0,1044.8,9500.0,0.0,31,0.3645,-0.1088,4.45,-32600.0,31.1,0,Balanced
58,73300.0,3681.54,0,738,62600.0,1452.52,80700.0,126100.0,9,0.2378,0.1595,21.92,144200.0,64.5,0,Moderate
57,85200.0,3865.96,0,745,81400.0,1960.51,31800.0,74400.0,15,0.2761,0.1794,8.23,24800.0,62.8,0,Moderate
31,99300.0,4668.22,0,779,12600.0,291.49,32300.0,0.0,37,0.0352,0.4006,6.92,19700.0,87.7,0,Balanced
56,70300.0,2732.37,1,738,61300.0,1380.32,24500.0,0.0,13,0.2356,0.298,8.97,-36800.0,74.8,0,Moderate
33,85300.0,5183.16,2,739,0.0,0.0,35200.0,46600.0,39,0.0,0.2708,6.79,81800.0,76.2,0,Aggressive
63,108800.0,5376.34,1,646,50200.0,1162.43,53300.0,82000.0,9,0.1282,0.2788,9.91,85100.0,71.2,0,Moderate
23,52700.0,3103.62,0,659,0.0,0.0,1300.0,0.0,40,0.0,0.2933,0.42,1300.0,54.5,0,Aggressive
53,47300.0,1964.98,1,726,0.0,0.0,11400.0,25700.0,12,0.0,0.5015,5.8,37100.0,82.3,0,Balanced
26,60300.0,2522.66,1,643,0.0,0.0,2700.0,0.0,40,0.0,0.498,1.07,2700.0,63.2,0,Balanced
70,73800.0,3925.57,0,635,118300.0,3203.78,52900.0,180900.0,2,0.5209,-0.1592,13.48,115500.0,34.6,1,Conservative
30,46100.0,2759.86,0,692,24000.0,596.46,8200.0,5300.0,35,0.1553,0.1263,2.97,-10500.0,45.2,0,Balanced
25,53300.0,2526.77,0,703,0.0,0.0,7900.0,5900.0,40,0.0,0.4311,3.13,13800.0,73.2,0,Balanced
43,82400.0,4880.7,1,796,27100.0,435.06,29800.0,0.0,27,0.0634,0.2259,6.11,2700.0,72.5,0,Moderate
30,72200.0,5172.72,2,774,45800.0,713.37,7200.0,0.0,36,0.1186,0.0217,1.39,-38600.0,40.3,0,Balanced
64,59800.0,3867.6,0,809,23000.0,493.01,74500.0,41500.0,5,0.0989,0.125,19.26,93000.0,72.5,0,Moderate
22,25400.0,1434.54,0,820,11300.0,302.66,700.0,0.0,40,0.143,0.1793,0.49,-10600.0,51.9,0,Aggressive
33,66000.0,3937.09,1,673,4900.0,92.13,23800.0,14300.0,38,0.0168,0.2674,6.05,33200.0,68.5,0,Aggressive
60,38800.0,1548.92,0,701,37800.0,845.5,22800.0,77100.0,6,0.2615,0.2595,14.72,62100.0,68.4,0,Moderate
22,113600.0,6753.67,0,728,47000.0,1488.67,8500.0,22000.0,40,0.1573,0.1293,1.26,-16500.0,43.2,0,Aggressive
40,55800.0,2706.49,1,696,20100.0,374.92,9000.0,9500.0,25,0.0806,0.3373,3.33,-1600.0,65.3,0,Balanced
21,38300.0,2440.98,0,765,0.0,0.0,1000.0,0.0,40,0.0,0.2352,0.41,1000.0,57.7,0,Aggressive
57,64000.0,2413.71,1,751,8100.0,235.17,66300.0,146500.0,14,0.0441,0.5033,27.47,204700.0,91.2,0,Balanced
29,133100.0,6148.51,0,654,58700.0,1769.98,17100.0,41000.0,39,0.1596,0.2861,2.78,-600.0,53.8,0,Balanced
37,93600.0,4698.22,0,616,0.0,0.0,44300.0,132600.0,31,0.0,0.3977,9.43,176900.0,83.1,0,Balanced
29,74700.0,3623.34,1,747,35200.0,831.58,12900.0,0.0,38,0.1336,0.2844,3.56,-22300.0,63.5,0,Aggressive
31,31900.0,1553.08,3,708,0.0,0.0,9800.0,0.0,36,0.0,0.4158,6.31,9800.0,82.4,0,Aggressive
35,161400.0,8301.28,0,765,111400.0,2843.06,83100.0,252000.0,36,0.2114,0.1714,10.01,223700.0,68.3,0,Aggressive
44,47000.0,3142.6,3,808,21500.0,435.42,14200.0,30200.0,22,0.1112,0.0865,4.52,22900.0,56.6,0,Moderate
58,110600.0,5879.64,0,801,26800.0,529.47,125800.0,240500.0,8,0.0574,0.3046,21.4,339500.0,87.0,0,Moderate
55,55300.0,2183.33,0,761,24600.0,511.84,7000.0,18200.0,16,0.1111,0.4152,3.21,600.0,73.1,0,Moderate
50,104900.0,5880.02,0,752,25700.0,480.94,76400.0,61900.0,16,0.055,0.2723,12.99,112600.0,81.2,0,Balanced
51,135800.0,5463.22,0,737,105800.0,2949.23,108700.0,140900.0,14,0.2606,0.2566,19.9,143800.0,70.7,0,Aggressive
69,94500.0,3544.39,0,777,34000.0,1067.52,85700.0,252800.0,2,0.1356,0.4144,24.18,304500.0,89.4,0,Conservative
25,100300.0,5485.3,0,774,0.0,0.0,4100.0,0.0,40,0.0,0.3437,0.75,4100.0,67.4,0,Aggressive
64,62700.0,3955.93,1,680,15300.0,286.19,55600.0,179300.0,5,0.0548,0.1881,14.05,219600.0,69.8,0,Moderate
70,52100.0,2486.11,0,695,0.0,0.0,75000.0,57500.0,2,0.0,0.4274,30.17,132500.0,88.9,0,Moderate
34,71400.0,3763.71,1,673,85800.0,2391.3,28800.0,41500.0,32,0.4019,-0.0345,7.65,-15500.0,37.5,0,Aggressive
31,54900.0,2292.53,0,779,2800.0,60.57,16500.0,25800.0,40,0.0132,0.4857,7.2,39500.0,89.4,0,Aggressive
29,257000.0,12375.56,0,759,0.0,0.0,26100.0,0.0,35,0.0,0.4222,2.11,26100.0,74.4,0,Aggressive
54,38300.0,1636.66,2,744,0.0,0.0,39000.0,135000.0,16,0.0,0.4872,23.83,174000.0,92.4,0,Aggressive
32,114800.0,7675.65,1,729,131600.0,3373.17,41200.0,59000.0,35,0.3526,-0.1549,5.37,-31400.0,37.2,0,Balanced
55,87900.0,5128.56,0,691,0.0,0.0,40800.0,83900.0,15,0.0,0.2999,7.96,124700.0,78.2,0,Moderate
55,75100.0,4050.33,0,704,26900.0,451.08,21200.0,0.0,17,0.0721,0.2807,5.23,-5700.0,67.3,0,Balanced
21,149300.0,7406.25,0,811,21900.0,422.56,17100.0,0.0,40,0.034,0.3708,2.31,-4800.0,75.1,0,Aggressive
60,78000.0,4529.64,0,678,104600.0,2475.45,86500.0,0.0,4,0.3808,-0.0777,19.1,-18100.0,42.5,0,Conservative
42,46700.0,2560.34,2,764,0.0,0.0,6300.0,0.0,25,0.0,0.3421,2.46,6300.0,71.3,0,Moderate
49,77700.0,3755.43,2,721,0.0,0.0,72000.0,0.0,21,0.0,0.42,19.17,72000.0,90.8,0,Aggressive
28,59800.0,2412.68,1,732,21700.0,399.31,9200.0,0.0,40,0.0801,0.4357,3.81,-12500.0,74.0,0,Aggressive
31,87300.0,4939.97,1,761,0.0,0.0,33200.0,0.0,40,0.0,0.321,6.72,33200.0,81.4,0,Aggressive
61,103500.0,6484.02,0,699,0.0,0.0,66600.0,202400.0,9,0.0,0.2482,10.27,269000.0,77.8,0,Moderate
57,41300.0,1519.31,0,789,20000.0,591.89,31500.0,0.0,9,0.172,0.3866,20.73,11500.0,87.8,0,Balanced
34,127700.0,6087.11,3,674,202000.0,3508.76,18000.0,0.0,36,0.3297,0.0983,2.96,-184000.0,34.8,0,Balanced
50,57500.0,2651.91,0,718,59300.0,1860.46,51400.0,143300.0,18,0.3883,0.0583,19.38,135400.0,49.4,0,Balanced
55,84500.0,4948.6,0,768,35100.0,1070.91,50900.0,155300.0,10,0.1521,0.1452,10.29,171100.0,68.9,0,Moderate
41,92900.0,4781.01,3,736,0.0,0.0,54500.0,0.0,25,0.0,0.3824,11.4,54500.0,90.5,0,Balanced
57,81000.0,3250.56,0,686,100000.0,1794.22,14700.0,38400.0,12,0.2658,0.2526,4.52,-46900.0,54.2,0,Conservative
25,62300.0,3260.3,0,678,51400.0,1058.91,7800.0,0.0,40,0.204,0.168,2.39,-43600.0,43.8,0,Aggressive
39,50600.0,2843.07,2,734,17600.0,504.59,17200.0,0.0,31,0.1197,0.2061,6.05,-400.0,64.2,0,Balanced
34,57100.0,2303.45,2,662,22700.0,652.23,2100.0,0.0,35,0.1371,0.3788,0.91,-20600.0,57.0,0,Balanced
46,156500.0,5902.61,1,589,109200.0,2947.09,31900.0,93800.0,26,0.226,0.3214,5.4,16500.0,56.4,0,Balanced
24,41100.0,2182.43,0,834,16200.0,366.39,1600.0,0.0,40,0.107,0.2558,0.73,-14600.0,60.8,0,Aggressive
45,44600.0,2401.15,2,755,18200.0,369.41,29700.0,0.0,23,0.0994,0.2546,12.37,11500.0,78.3,0,Balanced
65,43500.0,2930.42,1,749,14400.0,451.73,34900.0,95900.0,6,0.1246,0.067,11.91,116400.0,62.8,0,Moderate
62,71300.0,4108.14,1,817,0.0,0.0,25700.0,82700.0,9,0.0,0.3086,6.26,108400.0,83.2,0,Moderate
45,28600.0,1201.27,3,733,2200.0,34.64,7600.0,13400.0,19,0.0145,0.4814,6.33,18800.0,83.6,0,Moderate
38,31400.0,1811.8,3,749,20200.0,306.14,10600.0,9000.0,28,0.117,0.1906,5.85,-600.0,63.7,0,Balanced
60,57300.0,2797.1,1,662,83800.0,2361.1,7000.0,21100.0,9,0.4945,-0.0803,2.5,-55700.0,18.7,1,Conservative
28,32600.0,1365.63,2,674,22200.0,354.4,3800.0,0.0,40,0.1305,0.3669,2.78,-18400.0,62.4,0,Moderate
59,34100.0,2129.21,0,709,0.0,0.0,30400.0,27400.0,5,0.0,0.2507,14.28,57800.0,78.7,0,Aggressive
60,32700.0,2021.96,1,681,25600.0,543.85,22700.0,53200.0,5,0.1996,0.0584,11.23,50300.0,54.3,0,Moderate
34,41500.0,1909.12,2,635,0.0,0.0,10700.0,23900.0,36,0.0,0.448,5.6,34600.0,75.2,0,Aggressive
52,98900.0,3975.72,0,746,56900.0,1569.88,41300.0,79400.0,12,0.1905,0.3271,10.39,63800.0,79.5,0,Moderate
71,111900.0,3662.93,0,683,7300.0,116.33,44800.0,138000.0,2,0.0125,0.5947,12.23,175500.0,87.6,0,Conservative
58,190100.0,8533.7,1,645,0.0,0.0,175900.0,231600.0,6,0.0,0.4613,20.61,407500.0,85.4,0,Moderate
53,186300.0,9530.0,0,665,224100.0,5503.28,170700.0,92100.0,16,0.3545,0.0317,17.91,38700.0,45.0,0,Balanced
43,102000.0,4660.87,0,800,30100.0,657.42,47300.0,69600.0,27,0.0773,0.3743,10.15,86800.0,91.4,0,Aggressive
35,116500.0,7841.44,1,768,0.0,0.0,22300.0,0.0,36,0.0,0.1923,2.84,22300.0,61.5,0,Balanced
53,71100.0,2621.41,1,706,63900.0,1964.41,41800.0,89100.0,13,0.3315,0.226,15.95,67000.0,63.4,0,Moderate
45,88100.0,4820.33,1,704,72100.0,2222.59,63000.0,0.0,21,0.3027,0.0407,13.07,-9100.0,50.5,0,Moderate
37,192700.0,12257.71,1,815,103800.0,2291.24,87500.0,257400.0,27,0.1427,0.094,7.14,241100.0,63.7,0,Balanced
53,81200.0,3872.54,0,733,5300.0,114.98,78200.0,226200.0,13,0.017,0.4107,20.19,299100.0,91.0,0,Balanced
67,124800.0,4380.32,1,704,0.0,0.0,72600.0,131000.0,2,0.0,0.5788,16.57,203600.0,89.6,0,Conservative
22,39600.0,1574.5,0,737,28800.0,850.98,3400.0,0.0,40,0.2579,0.265,2.16,-25400.0,52.5,0,Aggressive
34,45900.0,2101.87,1,708,0.0,0.0,14200.0,0.0,32,0.0,0.4505,6.76,14200.0,83.6,0,Balanced
60,78600.0,5019.91,0,756,52100.0,860.79,66000.0,160000.0,7,0.1314,0.1022,13.15,173900.0,65.7,0,Moderate
60,71900.0,4701.72,1,724,87200.0,2572.96,54000.0,57800.0,8,0.4294,-0.2,11.49,24600.0,43.8,1,Conservative
71,47100.0,2981.7,0,757,41600.0,1002.27,48900.0,137900.0,2,0.2554,-0.015,16.4,145200.0,53.1,0,Moderate
59,248700.0,14721.04,0,809,95900.0,2116.04,309300.0,0.0,13,0.1021,0.1876,21.01,213400.0,77.1,0,Balanced
71,72800.0,3401.33,1,792,49400.0,1024.74,124100.0,409100.0,2,0.1689,0.2704,36.0,483800.0,79.4,0,Moderate
26,51900.0,3556.67,2,712,10100.0,168.57,1900.0,3900.0,38,0.039,0.1387,0.53,-4300.0,45.5,0,Aggressive
26,71900.0,5512.33,4,657,0.0,0.0,7800.0,0.0,39,0.0,0.08,1.42,7800.0,41.2,0,Aggressive
23,67100.0,2907.83,0,664,49800.0,1374.54,6600.0,0.0,40,0.2458,0.2342,2.27,-43200.0,45.8,0,Aggressive
27,73400.0,2961.83,0,750,27800.0,479.28,3600.0,0.0,39,0.0784,0.4374,1.22,-24200.0,68.1,0,Aggressive
71,27500.0,1372.17,0,724,0.0,0.0,21400.0,54500.0,2,0.0,0.4012,15.6,75900.0,91.0,0,Moderate
28,134700.0,5105.81,0,710,0.0,0.0,5800.0,0.0,40,0.0,0.5451,1.14,5800.0,68.2,0,Aggressive
62,138900.0,5012.55,1,799,77200.0,1378.34,39900.0,97100.0,3,0.1191,0.4479,7.96,59800.0,88.7,0,Moderate
35,148500.0,10869.36,3,716,0.0,0.0,66500.0,192300.0,36,0.0,0.1217,6.12,258800.0,61.6,0,Aggressive
67,79100.0,4945.7,0,685,19100.0,496.17,57300.0,61400.0,2,0.0753,0.1744,11.59,99600.0,68.3,0,Conservative
49,95300.0,3852.2,1,815,22700.0,450.1,73600.0,0.0,20,0.0567,0.4583,19.11,50900.0,95.2,0,Balanced
53,41100.0,1860.1,0,809,0.0,0.0,10600.0,12600.0,18,0.0,0.4569,5.7,23200.0,87.9,0,Balanced
50,104600.0,6209.88,0,739,0.0,0.0,11000.0,0.0,19,0.0,0.2876,1.77,11000.0,63.6,0,Moderate
59,76000.0,4334.53,1,746,0.0,0.0,90900.0,68900.0,7,0.0,0.3156,20.97,159800.0,86.2,0,Moderate
47,51400.0,2475.4,1,706,0.0,0.0,27300.0,78800.0,23,0.0,0.4221,11.03,106100.0,89.7,0,Aggressive
56,106500.0,6369.31,1,825,32200.0,546.79,14700.0,24500.0,11,0.0616,0.2207,2.31,7000.0,63.7,0,Conservative
49,108800.0,7786.63,3,582,148200.0,3771.89,83400.0,61600.0,20,0.416,-0.2,10.71,-3200.0,34.2,0,Balanced
58,68400.0,4733.64,2,734,29300.0,637.64,46600.0,82600.0,11,0.1119,0.0577,9.84,99900.0,61.6,0,Moderate
53,84200.0,4010.3,1,700,46400.0,1230.95,46200.0,64700.0,15,0.1754,0.253,11.52,64500.0,71.2,0,Balanced
57,37500.0,1529.45,1,762,25200.0,512.88,31500.0,71700.0,7,0.1641,0.3465,20.6,78000.0,83.1,0,Moderate
47,131100.0,9451.61,3,704,62000.0,1529.2,10300.0,19800.0,24,0.14,-0.0051,1.09,-31900.0,32.0,1,Moderate
53,40400.0,1403.97,0,720,0.0,0.0,26600.0,37000.0,12,0.0,0.583,18.95,63600.0,90.7,0,Moderate
24,44900.0,2501.96,0,722,0.0,0.0,3900.0,0.0,40,0.0,0.3313,1.56,3900.0,65.0,0,Balanced
42,68500.0,2489.97,0,796,9800.0,273.11,19500.0,33500.0,24,0.0478,0.516,7.83,43200.0,91.0,0,Balanced
22,122100.0,5451.3,0,736,66400.0,1149.91,10800.0,0.0,40,0.113,0.3512,1.98,-55600.0,64.2,0,Balanced
30,122100.0,5948.53,1,795,22000.0,691.0,19100.0,58100.0,34,0.0679,0.3475,3.21,55200.0,73.3,0,Balanced
25,66000.0,2439.27,0,755,60400.0,1772.26,8400.0,0.0,40,0.3222,0.2343,3.44,-52000.0,52.5,0,Aggressive
30,101200.0,6991.85,2,748,0.0,0.0,7400.0,0.0,38,0.0,0.1709,1.06,7400.0,53.5,0,Balanced
53,26100.0,828.82,0,784,13000.0,391.77,28400.0,0.0,15,0.1801,0.4388,34.27,15400.0,88.1,0,Balanced
58,44600.0,2889.8,1,724,15900.0,341.87,49900.0,99200.0,9,0.092,0.1305,17.27,133200.0,67.1,0,Moderate
33,45100.0,2907.19,1,748,0.0,0.0,4400.0,3600.0,34,0.0,0.2265,1.51,8000.0,58.9,0,Aggressive
51,131800.0,6005.53,1,765,0.0,0.0,134800.0,108900.0,13,0.0,0.4532,22.45,243700.0,93.9,0,Balanced
67,94900.0,5233.05,0,773,77500.0,2405.36,93700.0,163900.0,5,0.3042,0.0341,17.91,180100.0,54.9,0,Moderate
56,73200.0,2934.85,0,743,33200.0,589.35,65000.0,38900.0,16,0.0966,0.4223,22.15,70700.0,88.5,0,Balanced
65,77300.0,4660.61,1,596,0.0,0.0,80900.0,102300.0,2,0.0,0.2765,17.36,183200.0,72.6,0,Moderate
44,156800.0,8943.45,2,677,55300.0,1594.2,18600.0,20500.0,23,0.122,0.1935,2.08,-16200.0,48.1,0,Moderate
35,60300.0,2713.95,1,748,0.0,0.0,7400.0,0.0,35,0.0,0.4599,2.73,7400.0,75.3,0,Aggressive
49,32100.0,1551.75,1,716,32600.0,642.25,10600.0,0.0,18,0.2401,0.1798,6.83,-22000.0,58.3,0,Moderate
28,120300.0,6976.95,1,754,68600.0,1179.13,17300.0,0.0,36,0.1176,0.1864,2.48,-51300.0,54.3,0,Balanced
25,73100.0,4766.36,1,650,66700.0,1281.54,4400.0,13500.0,40,0.2104,0.0072,0.92,-48800.0,25.4,1,Balanced
49,111800.0,4027.51,0,799,23600.0,585.78,64800.0,169800.0,16,0.0629,0.5048,16.09,211000.0,93.8,0,Aggressive
67,64600.0,3491.34,1,706,9300.0,284.75,24900.0,73600.0,2,0.0529,0.2986,7.13,89200.0,74.8,0,Conservative
24,41700.0,1673.18,0,680,32200.0,801.88,3700.0,0.0,40,0.2308,0.2878,2.21,-28500.0,51.3,0,Balanced
32,82600.0,5648.11,3,820,40300.0,1234.53,5000.0,0.0,39,0.1794,0.0001,0.89,-35300.0,38.2,1,Balanced
65,66500.0,2483.19,1,763,9700.0,272.48,43300.0,50100.0,4,0.0492,0.5027,17.44,83700.0,91.8,0,Conservative
22,73300.0,4004.52,0,655,117100.0,2947.71,1900.0,0.0,40,0.4826,-0.1382,0.47,-115200.0,13.1,1,Balanced
47,161000.0,7110.54,2,802,33200.0,510.3,119900.0,0.0,18,0.038,0.432,16.86,86700.0,95.1,0,Aggressive
51,36200.0,1986.64,1,759,0.0,0.0,34800.0,0.0,16,0.0,0.3414,17.52,34800.0,89.1,0,Moderate
71,77400.0,4607.09,0,662,12900.0,206.1,18600.0,60300.0,2,0.032,0.2538,4.04,66000.0,60.5,0,Conservative
71,42200.0,2679.81,2,815,11200.0,229.35,64400.0,206100.0,2,0.0652,0.1728,24.03,259300.0,77.9,0,Moderate
56,24000.0,1442.35,1,733,4400.0,70.66,26200.0,21600.0,11,0.0353,0.2435,18.16,43400.0,78.5,0,Balanced
56,64400.0,3150.97,0,730,0.0,0.0,75500.0,163800.0,16,0.0,0.4129,23.96,239300.0,91.4,0,Aggressive
46,67300.0,4578.07,2,806,42900.0,943.01,39600.0,75400.0,25,0.1681,0.0156,8.65,72100.0,60.3,0,Moderate
63,93200.0,4778.38,0,634,128400.0,3049.89,44500.0,113500.0,2,0.3927,-0.0079,9.31,29600.0,38.9,0,Conservative
47,58700.0,4045.44,2,616,85100.0,1590.64,16900.0,39000.0,24,0.3252,-0.1522,4.18,-29200.0,26.9,0,Moderate
25,29200.0,1456.62,0,825,0.0,0.0,2400.0,0.0,40,0.0,0.4014,1.65,2400.0,77.8,0,Balanced
40,42100.0,2183.54,1,670,63200.0,1582.29,16600.0,41200.0,31,0.451,-0.0734,7.6,-5400.0,35.2,1,Balanced
31,136500.0,6244.21,2,815,39700.0,1062.37,29800.0,69300.0,33,0.0934,0.3577,4.77,59400.0,78.8,0,Balanced
30,41800.0,2222.07,1,593,77000.0,2114.19,7700.0,0.0,40,0.6069,-0.2,3.47,-69300.0,16.3,1,Balanced
60,158100.0,5747.38,0,772,6800.0,186.03,26600.0,45400.0,8,0.0141,0.5496,4.63,65200.0,81.7,0,Conservative
58,117900.0,7151.38,0,811,23700.0,732.71,30000.0,100900.0,14,0.0746,0.1975,4.19,107200.0,65.7,0,Moderate
26,55600.0,3013.32,0,815,33000.0,628.08,12200.0,0.0,40,0.1356,0.2141,4.05,-20800.0,64.4,0,Aggressive
28,44300.0,3165.44,2,804,13300.0,260.58,13000.0,0.0,40,0.0706,0.072,4.11,-300.0,55.7,0,Aggressive
43,117800.0,4091.97,0,777,90500.0,1502.43,73900.0,0.0,23,0.153,0.4301,18.06,-16600.0,88.7,0,Balanced
67,58000.0,2688.63,2,771,18400.0,461.36,30600.0,55000.0,3,0.0955,0.3483,11.38,67200.0,86.7,0,Moderate
46,28300.0,1723.62,0,775,13400.0,291.02,25000.0,0.0,20,0.1234,0.1457,14.5,11600.0,70.6,0,Balanced
66,90200.0,4345.4,1,794,57500.0,1347.53,42100.0,35900.0,4,0.1793,0.2426,9.69,20500.0,77.0,0,Conservative
63,83200.0,4482.55,2,706,0.0,0.0,87000.0,149600.0,8,0.0,0.3535,19.41,236600.0,86.2,0,Balanced
32,123700.0,7465.92,0,646,161700.0,4209.7,8300.0,0.0,36,0.4084,-0.1326,1.11,-153400.0,17.2,1,Balanced
46,80200.0,3934.67,0,714,26800.0,684.03,46200.0,70000.0,22,0.1023,0.3089,11.74,89400.0,79.4,0,Balanced
33,48900.0,2352.87,3,613,18300.0,356.87,13900.0,8100.0,34,0.0876,0.335,5.91,3700.0,66.1,0,Aggressive
60,133000.0,8166.33,0,610,69600.0,1594.68,129300.0,113800.0,6,0.1439,0.1193,15.83,173500.0,56.0,0,Balanced
38,140300.0,5991.1,3,710,95400.0,2881.38,62000.0,115600.0,33,0.2464,0.2411,10.35,82200.0,68.2,0,Aggressive
45,75200.0,4625.79,0,733,71000.0,1998.61,58600.0,187200.0,24,0.3189,-0.0571,12.67,174800.0,48.9,0,Balanced
53,68400.0,2509.19,1,802,17700.0,333.79,46400.0,91500.0,16,0.0586,0.5012,18.49,120200.0,94.2,0,Balanced
67,32000.0,1723.57,0,706,0.0,0.0,34200.0,63600.0,2,0.0,0.3537,19.84,97800.0,86.2,0,Conservative
60,47400.0,1614.25,0,709,51400.0,829.82,25900.0,0.0,7,0.2101,0.3812,16.04,-25500.0,80.1,0,Moderate
63,100600.0,5553.83,0,836,12000.0,264.44,15400.0,20100.0,5,0.0315,0.306,2.77,23500.0,73.4,0,Conservative
32,48700.0,1759.65,1,633,80700.0,1320.41,13100.0,10300.0,36,0.3254,0.2411,7.44,-57300.0,55.2,0,Balanced
64,29700.0,1774.53,0,784,23000.0,706.37,41200.0,46500.0,2,0.2854,-0.0024,23.22,64700.0,53.9,0,Moderate
56,380000.0,19201.96,1,685,41900.0,657.49,104000.0,298900.0,12,0.0208,0.3729,5.42,361000.0,75.4,0,Conservative
68,29600.0,1029.54,0,684,4100.0,72.04,4900.0,12400.0,2,0.0292,0.5534,4.76,13200.0,75.2,0,Conservative
24,228900.0,12641.53,0,727,34200.0,1045.0,7100.0,5500.0,40,0.0548,0.2825,0.56,-21600.0,56.8,0,Aggressive
25,55900.0,2681.88,0,788,0.0,0.0,9100.0,22800.0,40,0.0,0.4243,3.39,31900.0,80.0,0,Aggressive
57,63200.0,2403.6,0,725,16900.0,481.96,27500.0,90600.0,9,0.0915,0.4521,11.44,101200.0,87.4,0,Moderate
28,45700.0,1623.37,1,653,58100.0,887.7,3200.0,0.0,38,0.2331,0.3406,1.97,-54900.0,52.6,0,Balanced
62,101800.0,4642.07,0,698,0.0,0.0,13200.0,31000.0,6,0.0,0.4528,2.84,44200.0,72.0,0,Moderate
69,30000.0,1035.63,0,784,20500.0,650.59,18700.0,30600.0,3,0.2602,0.3255,18.06,28800.0,79.3,0,Conservative
48,24000.0,1075.34,3,788,15300.0,380.31,17900.0,0.0,17,0.1902,0.2722,16.65,2600.0,78.4,0,Balanced
51,160400.0,6508.66,0,769,141400.0,4163.47,168200.0,350600.0,21,0.3115,0.2016,25.84,377400.0,66.9,0,Balanced
29,42500.0,2805.65,4,686,17700.0,555.44,4400.0,0.0,37,0.1568,0.051,1.57,-13300.0,35.2,0,Aggressive
71,99700.0,5250.57,1,538,64900.0,1729.31,38000.0,82500.0,2,0.2081,0.1599,7.24,55600.0,46.5,1,Conservative
49,36400.0,1600.37,3,701,3400.0,69.94,30400.0,0.0,15,0.0231,0.4493,19.0,27000.0,88.4,0,Moderate
34,97700.0,6573.36,1,582,0.0,0.0,31500.0,0.0,30,0.0,0.1926,4.79,31500.0,53.6,0,Balanced
60,167000.0,10226.91,0,778,68200.0,1105.64,91300.0,80100.0,11,0.0794,0.1857,8.93,103200.0,75.4,0,Moderate
61,49500.0,1995.22,0,810,0.0,0.0,11000.0,28000.0,11,0.0,0.5163,5.51,39000.0,87.4,0,Moderate
42,24000.0,857.87,0,731,0.0,0.0,17500.0,8800.0,24,0.0,0.5711,20.4,26300.0,91.5,0,Aggressive
31,167500.0,12240.92,3,717,42200.0,975.96,42700.0,63500.0,38,0.0699,0.0531,3.49,64000.0,46.4,0,Balanced
43,110100.0,5178.89,0,736,0.0,0.0,79500.0,91800.0,23,0.0,0.4355,15.35,171300.0,91.9,0,Balanced
21,51000.0,2143.98,0,673,16800.0,485.38,2200.0,0.0,40,0.1142,0.3813,1.03,-14600.0,59.2,0,Balanced
66,58700.0,2818.3,0,799,0.0,0.0,66800.0,95800.0,4,0.0,0.4239,23.7,162600.0,96.4,0,Moderate
57,35900.0,2061.55,0,775,26500.0,824.44,33000.0,86200.0,11,0.2756,0.0353,16.01,92700.0,56.3,0,Moderate
41,144500.0,5386.89,0,817,0.0,0.0,100100.0,128200.0,25,0.0,0.5526,18.58,228300.0,97.6,0,Aggressive
46,49300.0,2986.75,1,676,9300.0,277.24,39400.0,0.0,25,0.0675,0.2055,13.19,30100.0,70.3,0,Aggressive
66,30300.0,1716.44,0,699,0.0,0.0,8100.0,15100.0,2,0.0,0.3202,4.72,23200.0,71.3,0,Conservative
56,74400.0,3693.58,0,740,72000.0,1940.95,60000.0,174200.0,8,0.3131,0.0912,16.24,162200.0,56.5,0,Moderate
43,41200.0,2631.09,1,675,9700.0,263.5,11500.0,0.0,29,0.0767,0.1569,4.37,1800.0,53.3,0,Balanced
21,37600.0,1356.29,0,767,10800.0,294.38,3800.0,0.0,40,0.094,0.4732,2.8,-7000.0,73.1,0,Balanced
71,52200.0,2689.13,0,775,33900.0,727.16,73100.0,36600.0,2,0.1672,0.2146,27.18,75800.0,74.0,0,Conservative
60,69400.0,3237.15,0,750,59400.0,1318.71,85800.0,0.0,6,0.228,0.2122,26.5,26400.0,69.7,0,Moderate
35,31000.0,1521.37,1,773,10400.0,207.99,6500.0,0.0,35,0.0805,0.3306,4.27,-3900.0,72.9,0,Balanced
41,141800.0,6156.77,1,788,21100.0,369.68,27100.0,71600.0,30,0.0313,0.4477,4.4,77600.0,81.5,0,Moderate
67,96000.0,4231.29,0,790,48900.0,1114.6,16800.0,20200.0,2,0.1393,0.3318,3.97,-11900.0,71.1,0,Conservative
29,54100.0,2088.53,1,797,27800.0,842.32,5600.0,0.0,40,0.1868,0.3499,2.68,-22200.0,67.4,0,Balanced
29,40300.0,1614.15,0,739,23700.0,617.89,5100.0,0.0,39,0.184,0.3354,3.16,-18600.0,63.6,0,Balanced
30,63000.0,2776.13,1,718,0.0,0.0,19700.0,0.0,40,0.0,0.4712,7.1,19700.0,85.3,0,Aggressive
46,108500.0,6403.92,1,745,100100.0,2881.92,51300.0,41400.0,24,0.3187,-0.027,8.01,-7400.0,47.0,0,Moderate
61,99700.0,3650.85,1,736,75300.0,2326.91,81600.0,204100.0,3,0.2801,0.2805,22.35,210400.0,71.7,0,Moderate
55,118400.0,6319.37,0,805,68800.0,2002.09,135700.0,467300.0,9,0.2029,0.1566,21.47,534200.0,70.4,0,Conservative
45,50800.0,2152.92,1,690,0.0,0.0,35800.0,20300.0,24,0.0,0.4914,16.63,56100.0,88.6,0,Aggressive
46,24000.0,905.49,1,827,10000.0,175.52,13400.0,0.0,26,0.0878,0.4595,14.8,3400.0,94.8,0,Aggressive
31,131400.0,5478.53,0,695,181000.0,3788.87,8600.0,4800.0,33,0.346,0.1537,1.57,-167600.0,36.0,0,Moderate
58,60400.0,2364.61,0,780,48500.0,1193.58,27100.0,81900.0,8,0.2371,0.2931,11.46,60500.0,77.5,0,Moderate
22,95500.0,4781.47,0,803,0.0,0.0,6200.0,0.0,40,0.0,0.3992,1.3,6200.0,75.2,0,Balanced
27,165700.0,7221.08,0,739,137800.0,2315.95,30200.0,105100.0,40,0.1677,0.3093,4.18,-2500.0,65.2,0,Aggressive
38,252400.0,16119.89,0,706,0.0,0.0,107900.0,202600.0,26,0.0,0.2336,6.69,310500.0,70.8,0,Balanced
47,46300.0,3549.67,4,704,40300.0,1085.91,27100.0,84000.0,20,0.2814,-0.2,7.63,70800.0,44.5,0,Moderate
54,71200.0,3545.08,1,744,0.0,0.0,73300.0,63600.0,13,0.0,0.4025,20.68,136900.0,92.4,0,Balanced
47,140300.0,9096.53,2,697,75500.0,1552.67,98900.0,175700.0,20,0.1328,0.0892,10.87,199100.0,60.4,0,Balanced
37,41600.0,1335.73,0,665,9000.0,193.82,21100.0,30000.0,29,0.0559,0.5588,15.8,42100.0,84.5,0,Aggressive
63,48000.0,2396.5,0,640,28400.0,462.24,54300.0,91500.0,7,0.1156,0.2853,22.66,117400.0,71.8,0,Moderate
64,47900.0,2703.63,0,727,0.0,0.0,18400.0,47900.0,2,0.0,0.3227,6.81,66300.0,79.3,0,Conservative
71,65200.0,2970.82,2,717,77100.0,1388.28,14800.0,11300.0,2,0.2555,0.1977,4.98,-51000.0,53.9,0,Conservative
44,58600.0,1975.16,0,674,43700.0,1253.62,20100.0,70200.0,20,0.2567,0.3388,10.18,46600.0,72.6,0,Moderate
45,47700.0,1917.41,1,719,13200.0,387.81,25500.0,61300.0,22,0.0976,0.4201,13.3,73600.0,86.7,0,Aggressive
27,38900.0,1934.43,1,743,25600.0,661.85,6200.0,0.0,40,0.2042,0.1991,3.21,-19400.0,53.0,0,Aggressive
26,103400.0,5364.29,1,663,38600.0,1084.18,6200.0,18500.0,40,0.1258,0.2516,1.16,-13900.0,48.7,0,Balanced
44,138100.0,6586.84,1,732,131800.0,2362.01,96700.0,270600.0,21,0.2052,0.2224,14.68,235500.0,70.0,0,Aggressive
53,149600.0,7430.0,1,765,46800.0,1160.22,66500.0,41100.0,13,0.0931,0.3109,8.95,60800.0,83.4,0,Balanced
69,50800.0,2574.26,1,829,8600.0,227.95,87300.0,178900.0,2,0.0538,0.3381,33.91,257600.0,91.7,0,Moderate
49,105800.0,6416.55,1,738,0.0,0.0,53400.0,79300.0,20,0.0,0.2722,8.32,132700.0,80.5,0,Balanced
63,75400.0,2903.51,1,633,81000.0,1376.51,8700.0,7300.0,6,0.2191,0.3188,3.0,-65000.0,53.0,0,Conservative
42,48300.0,2767.51,0,668,0.0,0.0,7500.0,11500.0,23,0.0,0.3124,2.71,19000.0,63.0,0,Moderate
46,99100.0,6734.27,4,707,58100.0,1192.54,14800.0,36000.0,19,0.1444,0.0401,2.2,-7300.0,38.1,0,Balanced
48,47100.0,2812.91,1,718,22000.0,544.13,5400.0,0.0,24,0.1386,0.1447,1.92,-16600.0,46.2,0,Moderate
70,53800.0,3020.81,0,754,28800.0,806.66,68400.0,125400.0,2,0.1799,0.1463,22.64,165000.0,66.9,0,Moderate
41,31000.0,1571.28,1,823,1600.0,39.52,6400.0,11000.0,24,0.0153,0.3765,4.07,15800.0,82.0,0,Balanced
69,51300.0,2156.99,1,731,11200.0,311.72,71600.0,47100.0,2,0.0729,0.4225,33.19,107500.0,88.6,0,Moderate
27,76100.0,4024.75,1,652,32700.0,545.52,5200.0,0.0,40,0.086,0.2793,1.29,-27500.0,51.9,0,Aggressive
37,156800.0,10495.05,1,706,0.0,0.0,9700.0,22900.0,32,0.0,0.1968,0.92,32600.0,52.0,0,Moderate
40,54500.0,3158.32,2,638,74300.0,1792.3,26600.0,90400.0,29,0.3946,-0.09,8.42,42700.0,37.5,0,Balanced
61,37400.0,1322.77,1,816,4900.0,76.62,29200.0,40700.0,7,0.0246,0.551,22.07,65000.0,96.6,0,Moderate
69,150800.0,5075.48,0,608,93300.0,2419.7,130000.0,228400.0,2,0.1925,0.4036,25.61,265100.0,75.0,0,Moderate
40,50100.0,3841.0,4,712,0.0,0.0,12800.0,0.0,27,0.0,0.08,3.33,12800.0,50.4,0,Balanced
42,25300.0,946.17,1,806,2000.0,37.49,2600.0,0.0,24,0.0178,0.5334,2.75,600.0,78.8,0,Moderate
48,71200.0,3313.28,4,739,0.0,0.0,28500.0,49200.0,22,0.0,0.4416,8.6,77700.0,91.0,0,Aggressive
60,55300.0,2401.91,0,816,17500.0,540.24,46100.0,84300.0,4,0.1172,0.3616,19.19,112900.0,90.0,0,Moderate
69,234500.0,15002.66,0,787,0.0,0.0,38900.0,48900.0,2,0.0,0.2323,2.59,87800.0,65.1,0,Conservative
27,85900.0,3918.97,1,736,28400.0,664.46,12300.0,0.0,38,0.0928,0.3597,3.14,-16100.0,68.8,0,Balanced
21,61100.0,2973.3,1,710,76200.0,1309.04,6300.0,0.0,40,0.2571,0.159,2.12,-69900.0,42.5,0,Balanced
52,39800.0,2234.21,1,809,0.0,0.0,13300.0,0.0,19,0.0,0.3264,5.95,13300.0,83.1,0,Moderate
33,79300.0,2839.24,1,782,20400.0,416.56,34400.0,0.0,33,0.063,0.5073,12.12,14000.0,92.6,0,Aggressive
50,147400.0,9078.68,0,684,80400.0,1472.23,23900.0,35100.0,22,0.1199,0.141,2.63,-21400.0,46.2,0,Moderate
43,78600.0,4373.94,2,770,26600.0,615.35,53500.0,102700.0,24,0.0939,0.2383,12.23,129600.0,78.4,0,Balanced
71,41500.0,2098.26,1,691,13800.0,217.15,57100.0,79500.0,2,0.0628,0.3305,27.21,122800.0,80.9,0,Conservative
39,89000.0,5371.82,0,807,53900.0,1040.17,19900.0,0.0,25,0.1402,0.1355,3.7,-34000.0,56.8,0,Balanced
52,64400.0,4085.27,0,720,16600.0,268.09,65200.0,197400.0,14,0.05,0.1888,15.96,246000.0,72.9,0,Moderate
50,84700.0,3877.64,0,805,50000.0,858.27,43500.0,139100.0,17,0.1216,0.329,11.22,132600.0,86.6,0,Balanced
49,54400.0,2398.03,2,813,0.0,0.0,12500.0,12800.0,19,0.0,0.471,5.21,25300.0,86.8,0,Moderate
69,53700.0,3160.62,0,746,17100.0,510.11,56200.0,145300.0,2,0.114,0.1797,17.78,184400.0,71.5,0,Moderate
65,52600.0,2372.72,0,739,13500.0,416.03,79700.0,270100.0,2,0.0949,0.3638,33.59,336300.0,85.6,0,Moderate
49,111100.0,6982.8,0,811,36100.0,832.71,108400.0,0.0,19,0.0899,0.1558,15.52,72300.0,75.3,0,Balanced
50,54000.0,3419.82,0,719,46600.0,1198.42,18000.0,28000.0,17,0.2663,-0.0263,5.26,-600.0,39.6,0,Moderate
36,51400.0,1824.41,0,725,56800.0,1523.96,16700.0,0.0,34,0.3558,0.2183,9.15,-40100.0,63.2,0,Aggressive
60,39400.0,2503.94,0,769,24000.0,519.66,10500.0,26900.0,11,0.1583,0.0791,4.19,13400.0,50.5,0,Conservative
39,84900.0,4013.71,1,723,52800.0,1124.3,27000.0,0.0,32,0.1589,0.2738,6.73,-25800.0,68.8,0,Balanced
38,78500.0,4700.19,2,753,0.0,0.0,27400.0,0.0,28,0.0,0.2815,5.83,27400.0,75.4,0,Aggressive
21,51700.0,1697.05,0,821,0.0,0.0,2500.0,5800.0,40,0.0,0.6061,1.47,8300.0,77.0,0,Aggressive
34,44800.0,2746.07,0,743,44600.0,1109.52,11200.0,32600.0,37,0.2972,-0.0327,4.08,-800.0,36.8,0,Balanced
71,185700.0,10470.99,1,698,105300.0,2501.75,280000.0,978000.0,2,0.1617,0.1617,26.74,1152700.0,64.8,0,Moderate
67,24000.0,1274.84,0,697,0.0,0.0,19500.0,0.0,5,0.0,0.3626,15.3,19500.0,86.3,0,Moderate
70,86800.0,5648.3,1,732,75800.0,2205.71,122700.0,319200.0,2,0.3049,-0.0858,21.72,366100.0,49.4,0,Conservative
22,134600.0,6543.12,0,784,0.0,0.0,6300.0,0.0,40,0.0,0.4167,0.96,6300.0,73.0,0,Aggressive
48,24000.0,1248.41,2,761,0.0,0.0,22800.0,77700.0,19,0.0,0.3758,18.26,100500.0,91.8,0,Aggressive
69,102400.0,6199.05,0,761,42300.0,1203.29,29500.0,15900.0,2,0.141,0.1325,4.76,3100.0,56.2,0,Conservative
70,58600.0,3501.19,1,744,54800.0,957.82,61800.0,97400.0,2,0.1961,0.0869,17.65,104400.0,61.1,0,Moderate
50,76200.0,5077.4,1,731,0.0,0.0,61700.0,45000.0,20,0.0,0.2004,12.15,106700.0,76.5,0,Balanced
58,55400.0,3490.43,0,652,0.0,0.0,52100.0,123100.0,10,0.0,0.244,14.93,175200.0,74.2,0,Moderate
71,119500.0,5307.1,0,795,5200.0,135.11,58700.0,89100.0,2,0.0136,0.4535,11.06,142600.0,95.5,0,Conservative
24,80800.0,4031.88,1,803,10600.0,245.63,5400.0,14600.0,40,0.0365,0.3647,1.34,9400.0,71.3,0,Balanced
21,71100.0,2858.18,0,753,0.0,0.0,5600.0,0.0,40,0.0,0.5176,1.96,5600.0,73.5,0,Aggressive
28,40400.0,2707.67,4,749,25300.0,788.73,4100.0,7200.0,37,0.2343,-0.0385,1.51,-14000.0,32.6,1,Balanced
49,186300.0,9405.31,2,762,146200.0,4310.37,129200.0,199700.0,16,0.2776,0.1165,13.74,182700.0,61.3,0,Moderate
59,66500.0,4291.69,2,726,40900.0,951.98,37100.0,28100.0,5,0.1718,0.0538,8.64,24300.0,57.3,0,Moderate
23,233100.0,8325.95,0,748,0.0,0.0,11300.0,12600.0,40,0.0,0.5714,1.36,23900.0,71.5,0,Aggressive
52,191000.0,6789.43,0,724,0.0,0.0,36900.0,89200.0,13,0.0,0.5734,5.43,126100.0,81.1,0,Moderate
30,24900.0,1041.2,1,733,0.0,0.0,1000.0,0.0,40,0.0,0.4982,0.96,1000.0,69.3,0,Aggressive
30,46200.0,1592.81,0,642,75400.0,1631.05,11500.0,8200.0,35,0.4236,0.1626,7.22,-55700.0,45.4,1,Balanced
39,37400.0,2206.64,2,791,5100.0,134.19,13700.0,29200.0,33,0.0431,0.2489,6.21,37800.0,75.0,0,Aggressive
66,64400.0,2355.65,0,720,0.0,0.0,58400.0,38700.0,2,0.0,0.5611,24.79,97100.0,90.7,0,Moderate
54,73300.0,2712.01,0,724,44700.0,718.25,35000.0,71200.0,16,0.1176,0.4384,12.91,61500.0,86.3,0,Balanced
53,75100.0,2413.78,0,738,0.0,0.0,17400.0,59100.0,16,0.0,0.6143,7.21,76500.0,87.0,0,Moderate
43,118200.0,6824.43,0,628,19600.0,538.55,38700.0,55000.0,26,0.0547,0.2525,5.67,74100.0,61.6,0,Moderate
48,150500.0,9342.52,1,751,0.0,0.0,42400.0,113200.0,17,0.0,0.2551,4.54,155600.0,69.7,0,Moderate
52,112700.0,4177.5,0,729,0.0,0.0,102300.0,280000.0,12,0.0,0.5552,24.49,382300.0,91.4,0,Balanced
70,48600.0,2899.03,1,684,31700.0,564.31,75100.0,128800.0,2,0.1393,0.1449,25.91,172200.0,63.4,0,Moderate
27,43000.0,2126.41,1,705,34000.0,569.33,8700.0,0.0,40,0.1589,0.2477,4.09,-25300.0,58.2,0,Aggressive
49,66300.0,3071.0,2,657,44600.0,669.9,32800.0,0.0,16,0.1212,0.3229,10.68,-11800.0,75.6,0,Aggressive
28,83600.0,4657.59,1,791,0.0,0.0,15900.0,21500.0,39,0.0,0.3314,3.41,37400.0,75.1,0,Aggressive
21,59800.0,2249.44,0,750,55800.0,1227.19,6800.0,0.0,40,0.2463,0.3023,3.02,-49000.0,59.1,0,Balanced
23,31600.0,1797.92,0,766,0.0,0.0,2200.0,0.0,40,0.0,0.3172,1.22,2200.0,66.2,0,Aggressive
44,96300.0,3844.34,2,789,48500.0,982.25,55700.0,178300.0,28,0.1224,0.3986,14.49,185500.0,90.6,0,Aggressive
43,53300.0,3569.56,1,716,23500.0,508.49,26500.0,62400.0,24,0.1145,0.0819,7.42,65400.0,57.6,0,Balanced
28,52500.0,2138.28,2,653,54300.0,1099.06,9200.0,0.0,39,0.2512,0.26,4.3,-45100.0,52.3,0,Balanced
67,64200.0,3273.02,0,792,24400.0,666.57,73200.0,193400.0,2,0.1246,0.2636,22.36,242200.0,80.6,0,Moderate
57,58000.0,3967.58,2,795,0.0,0.0,54400.0,128200.0,11,0.0,0.1791,13.71,182600.0,79.5,0,Balanced
23,54100.0,1734.63,0,827,3500.0,53.65,5400.0,0.0,40,0.0119,0.6033,3.11,1900.0,81.5,0,Aggressive
71,32700.0,1578.88,0,676,29500.0,556.17,42500.0,129600.0,2,0.2041,0.2165,26.92,142600.0,65.6,0,Conservative
53,62200.0,2695.35,0,661,15000.0,405.96,28100.0,90800.0,13,0.0783,0.4017,10.43,103900.0,83.4,0,Conservative
48,97400.0,5617.81,2,717,23200.0,466.69,68600.0,71400.0,16,0.0575,0.2504,12.21,116800.0,77.0,0,Balanced
67,76500.0,2997.42,0,748,80000.0,2451.39,21500.0,0.0,2,0.3845,0.1453,7.17,-58500.0,53.1,0,Conservative
28,111500.0,4515.38,2,586,83600.0,2266.84,21200.0,52000.0,39,0.244,0.2701,4.7,-10400.0,49.7,0,Aggressive
54,44300.0,2327.13,0,651,0.0,0.0,15700.0,34100.0,18,0.0,0.3696,6.75,49800.0,77.3,0,Moderate
55,32800.0,1494.42,0,662,16300.0,387.6,15700.0,38600.0,9,0.1418,0.3115,10.51,38000.0,74.3,0,Moderate
52,57800.0,3029.66,0,633,94000.0,2476.25,43900.0,79000.0,17,0.5141,-0.1431,14.49,28900.0,34.5,1,Moderate
44,47200.0,1983.25,1,745,15800.0,288.94,25700.0,44600.0,25,0.0735,0.4223,12.96,54500.0,89.6,0,Balanced
34,50000.0,2481.24,2,583,0.0,0.0,6800.0,0.0,32,0.0,0.4045,2.74,6800.0,63.5,0,Balanced
52,74300.0,3991.6,1,786,36900.0,871.62,24800.0,58800.0,20,0.1408,0.2146,6.21,46700.0,68.1,0,Balanced
66,50200.0,2749.48,1,714,0.0,0.0,72500.0,74500.0,2,0.0,0.3428,26.37,147000.0,86.0,0,Conservative
63,33300.0,1467.77,0,679,42400.0,883.96,7300.0,18300.0,2,0.3185,0.1525,4.97,-16800.0,45.3,0,Conservative
36,48700.0,2321.45,2,758,14000.0,305.71,2400.0,0.0,29,0.0753,0.3527,1.03,-11600.0,64.7,0,Balanced
24,79800.0,3255.04,0,764,63500.0,1158.27,7800.0,0.0,40,0.1742,0.3363,2.4,-55700.0,63.8,0,Aggressive
57,95700.0,3587.79,0,777,58700.0,1472.46,81300.0,75300.0,10,0.1846,0.3655,22.66,97900.0,84.8,0,Balanced
41,95200.0,4364.62,1,729,0.0,0.0,50600.0,0.0,24,0.0,0.4498,11.59,50600.0,91.4,0,Balanced
34,83600.0,4317.77,4,751,81800.0,1839.76,30300.0,49600.0,35,0.2641,0.1161,7.02,-1900.0,55.6,0,Aggressive
51,60300.0,3183.47,0,633,62000.0,1720.76,47300.0,0.0,18,0.3424,0.024,14.86,-14700.0,42.6,0,Moderate
68,82700.0,4187.56,0,715,81300.0,1637.73,120500.0,238100.0,2,0.2376,0.1547,28.78,277300.0,62.5,0,Moderate
38,64600.0,3084.84,1,718,48200.0,1302.3,30300.0,62800.0,26,0.2419,0.1851,9.82,44900.0,64.8,0,Aggressive
27,70400.0,3228.61,1,758,42600.0,826.09,5100.0,0.0,40,0.1408,0.3089,1.58,-37500.0,60.4,0,Moderate
30,39500.0,1695.36,1,618,10400.0,294.02,5700.0,0.0,37,0.0893,0.3956,3.36,-4700.0,63.9,0,Aggressive
27,67800.0,3357.14,0,718,3300.0,96.1,10500.0,0.0,40,0.017,0.3888,3.13,7200.0,72.7,0,Aggressive
53,81500.0,5077.19,0,660,11300.0,322.74,46900.0,53200.0,15,0.0475,0.2049,9.24,88800.0,69.9,0,Balanced
43,79800.0,4616.97,1,783,63300.0,1181.37,15000.0,0.0,27,0.1776,0.1281,3.25,-48300.0,51.7,0,Moderate
41,32600.0,2167.26,3,746,0.0,0.0,14600.0,0.0,25,0.0,0.2022,6.74,14600.0,71.5,0,Balanced
39,69800.0,4151.65,0,796,0.0,0.0,43200.0,51200.0,27,0.0,0.2862,10.41,94400.0,87.6,0,Aggressive
68,29900.0,1297.3,0,728,12000.0,381.15,22300.0,48700.0,3,0.153,0.3264,17.19,59000.0,79.6,0,Conservative
39,72800.0,2943.25,2,759,43300.0,915.66,33400.0,0.0,25,0.1509,0.3639,11.35,-9900.0,84.8,0,Balanced
56,45000.0,2358.84,0,729,51200.0,1439.3,35000.0,21900.0,15,0.3838,-0.0128,14.84,5700.0,46.0,0,Balanced
49,169100.0,8109.32,3,797,0.0,0.0,76600.0,106100.0,22,0.0,0.4245,9.45,182700.0,96.2,0,Moderate
38,70700.0,3815.55,1,691,31300.0,680.67,24200.0,0.0,28,0.1155,0.2369,6.34,-7100.0,64.4,0,Balanced
22,102800.0,5789.39,0,769,88700.0,1497.87,3500.0,0.0,40,0.1748,0.1493,0.6,-85200.0,45.1,0,Moderate
21,211300.0,12210.59,0,704,20400.0,389.11,13900.0,38800.0,40,0.0221,0.2844,1.14,32300.0,58.2,0,Balanced
67,42200.0,1760.92,0,793,31000.0,551.68,58600.0,156300.0,2,0.1569,0.3424,33.28,183900.0,85.3,0,Moderate
25,84100.0,4099.69,0,727,9400.0,166.44,10900.0,0.0,40,0.0237,0.3913,2.66,1500.0,72.0,0,Aggressive
40,34500.0,2036.61,2,813,16000.0,242.45,10600.0,15800.0,32,0.0843,0.2073,5.2,10400.0,69.0,0,Balanced
31,80000.0,5518.62,3,725,7800.0,222.26,5400.0,0.0,35,0.0333,0.1389,0.98,-2400.0,47.9,0,Balanced
62,174800.0,10554.36,1,664,269700.0,6190.92,182000.0,103600.0,6,0.425,-0.1496,17.24,15900.0,39.7,1,Conservative
22,46800.0,3023.24,0,640,12000.0,344.05,1600.0,0.0,40,0.0882,0.1366,0.53,-10400.0,38.2,0,Balanced
23,40600.0,1296.61,0,791,2600.0,66.07,700.0,800.0,40,0.0195,0.5972,0.54,-1100.0,71.5,0,Aggressive
43,62900.0,3118.77,1,770,51100.0,1488.68,25000.0,0.0,22,0.284,0.121,8.02,-26100.0,59.3,0,Moderate
32,203900.0,8876.75,1,676,0.0,0.0,57600.0,44500.0,35,0.0,0.4776,6.49,102100.0,80.6,0,Aggressive
40,101100.0,4279.54,2,662,135600.0,2250.78,50400.0,104800.0,25,0.2672,0.2249,11.78,19600.0,62.8,0,Balanced
25,40200.0,2628.43,1,723,0.0,0.0,6500.0,0.0,40,0.0,0.2154,2.47,6500.0,58.9,0,Balanced
57,147300.0,9564.49,0,681,138500.0,3673.3,43600.0,140600.0,11,0.2993,-0.0784,4.56,45700.0,33.6,0,Conservative
58,26600.0,1002.46,0,677,16600.0,425.8,11000.0,11700.0,14,0.1921,0.3557,10.97,6100.0,76.6,0,Moderate
50,214300.0,7775.04,1,635,0.0,0.0,119800.0,276600.0,16,0.0,0.5646,15.41,396400.0,84.6,0,Balanced
29,106000.0,4328.53,0,791,0.0,0.0,28500.0,0.0,40,0.0,0.51,6.58,28500.0,89.1,0,Aggressive
54,174500.0,10963.61,1,742,86200.0,1926.98,60000.0,38500.0,13,0.1325,0.1135,5.47,12300.0,55.7,0,Moderate
64,26700.0,1107.06,0,732,0.0,0.0,18000.0,36900.0,3,0.0,0.5024,16.26,54900.0,91.6,0,Moderate
55,72600.0,2436.7,0,833,10200.0,272.96,44300.0,82000.0,13,0.0451,0.5521,18.18,116100.0,97.0,0,Balanced
42,61500.0,2055.11,0,767,14200.0,242.06,37600.0,123600.0,28,0.0472,0.5518,18.3,147000.0,92.2,0,Aggressive
64,38000.0,1744.74,0,761,20600.0,498.06,17700.0,44100.0,3,0.1573,0.2917,10.14,41200.0,79.2,0,Moderate
44,32400.0,2032.37,0,791,21600.0,591.53,27300.0,42200.0,27,0.2191,0.0282,13.43,47900.0,59.1,0,Aggressive
37,87500.0,3896.43,1,819,38800.0,946.95,30700.0,80900.0,35,0.1299,0.3358,7.88,72800.0,84.7,0,Balanced
30,91900.0,5444.03,4,824,39300.0,1223.55,11800.0,26500.0,40,0.1598,0.1294,2.17,-1000.0,52.5,0,Balanced
50,135300.0,4744.22,0,700,88600.0,1481.87,44700.0,68900.0,22,0.1314,0.4478,9.42,25000.0,84.0,0,Balanced
66,50200.0,2415.58,0,713,22800.0,621.97,7500.0,21400.0,2,0.1487,0.2739,3.1,6100.0,58.4,0,Conservative
43,61200.0,4174.96,4,741,0.0,0.0,34200.0,85700.0,23,0.0,0.1814,8.19,119900.0,73.6,0,Balanced
52,30900.0,1257.78,0,757,24800.0,668.24,27200.0,14000.0,16,0.2595,0.252,21.63,16400.0,71.9,0,Balanced
37,154400.0,7960.41,3,720,137400.0,2961.65,9800.0,30300.0,27,0.2302,0.1511,1.23,-97300.0,41.3,0,Moderate
70,68800.0,4109.6,0,668,7400.0,159.49,65200.0,110300.0,2,0.0278,0.2554,15.87,168100.0,75.0,0,Balanced
71,98500.0,3153.19,0,651,103800.0,2592.06,119600.0,291400.0,2,0.3158,0.3001,36.0,307200.0,65.7,0,Moderate
37,100400.0,5644.06,1,692,54100.0,1176.71,23100.0,39000.0,35,0.1406,0.1848,4.09,8000.0,53.3,0,Aggressive
34,147600.0,7103.91,1,811,20700.0,621.29,36800.0,0.0,37,0.0505,0.3719,5.18,16100.0,82.5,0,Aggressive
29,41900.0,1743.57,0,662,49200.0,829.95,4700.0,0.0,35,0.2377,0.263,2.7,-44500.0,49.3,0,Balanced
60,97100.0,5526.91,1,753,0.0,0.0,49800.0,111500.0,6,0.0,0.317,9.01,161300.0,86.8,0,Moderate
22,65300.0,3884.63,0,690,87900.0,1518.91,3800.0,0.0,40,0.2791,0.007,0.98,-84100.0,25.7,1,Balanced
65,210700.0,10593.94,0,788,53400.0,1291.36,80500.0,108000.0,4,0.0735,0.3231,7.6,135100.0,83.0,0,Moderate
45,41800.0,1506.33,1,693,34600.0,939.9,16100.0,11200.0,22,0.2698,0.2977,10.69,-7300.0,70.3,0,Balanced
59,126000.0,5927.89,0,704,144200.0,2568.73,149700.0,306600.0,8,0.2446,0.1908,25.25,312100.0,64.1,0,Moderate
29,80200.0,4311.44,2,687,50600.0,1364.61,2500.0,0.0,35,0.2042,0.1507,0.58,-48100.0,38.1,0,Balanced
42,77900.0,3878.9,0,766,61000.0,1060.16,14100.0,26300.0,25,0.1633,0.2392,3.64,-20600.0,60.5,0,Moderate
63,68200.0,3684.98,0,672,0.0,0.0,71700.0,169200.0,2,0.0,0.3516,19.46,240900.0,83.7,0,Moderate
66,138800.0,4484.71,0,740,0.0,0.0,44100.0,103400.0,2,0.0,0.6123,9.83,147500.0,92.1,0,Moderate
24,76500.0,3702.63,0,630,50600.0,1015.4,2900.0,0.0,40,0.1593,0.2599,0.78,-47700.0,44.6,0,Moderate
46,28600.0,1466.52,0,755,4000.0,67.59,12800.0,39500.0,22,0.0284,0.3563,8.73,48300.0,88.1,0,Balanced
49,129400.0,6010.0,1,735,0.0,0.0,119500.0,0.0,17,0.0,0.4427,19.88,119500.0,91.8,0,Balanced
65,117000.0,6311.62,0,665,152700.0,3281.63,40300.0,127700.0,3,0.3366,0.0161,6.39,15300.0,37.3,0,Conservative
54,91400.0,3589.51,0,762,0.0,0.0,100600.0,325900.0,13,0.0,0.5287,28.03,426500.0,93.7,0,Balanced
43,35600.0,1503.95,0,773,0.0,0.0,21500.0,21500.0,29,0.0,0.4931,14.3,43000.0,94.5,0,Aggressive
57,38700.0,2467.45,0,743,0.0,0.0,34000.0,86400.0,12,0.0,0.2349,13.78,120400.0,80.0,0,Moderate
31,24000.0,1118.46,1,823,4400.0,121.09,7400.0,10700.0,34,0.0605,0.3802,6.62,13700.0,87.6,0,Aggressive
26,85200.0,3682.06,0,740,69100.0,1700.09,1900.0,0.0,38,0.2394,0.242,0.52,-67200.0,47.2,0,Balanced
38,31500.0,1727.96,1,726,6800.0,124.49,3300.0,0.0,26,0.0474,0.2943,1.91,-3500.0,61.6,0,Moderate
41,25700.0,1731.3,1,739,0.0,0.0,7100.0,0.0,23,0.0,0.1916,4.1,7100.0,62.8,0,Balanced
62,133400.0,9040.43,1,814,4400.0,110.38,31500.0,104500.0,10,0.0099,0.1768,3.48,131600.0,65.0,0,Conservative
56,101000.0,5486.52,1,775,0.0,0.0,127400.0,324900.0,12,0.0,0.3481,23.22,452300.0,90.8,0,Balanced
61,55100.0,1746.83,0,790,37500.0,604.23,50200.0,168000.0,6,0.1316,0.488,28.74,180700.0,90.5,0,Moderate
58,61500.0,3998.85,1,639,65600.0,1767.11,36200.0,0.0,10,0.3448,-0.1251,9.05,-29400.0,41.1,0,Conservative
54,24000.0,1296.19,1,776,0.0,0.0,23300.0,0.0,18,0.0,0.3519,17.98,23300.0,91.1,0,Balanced
37,109600.0,6269.11,4,695,38600.0,793.11,57900.0,0.0,29,0.0868,0.2268,9.24,19300.0,72.5,0,Aggressive
57,45200.0,2981.99,2,664,34200.0,826.51,48700.0,105000.0,9,0.2194,-0.0111,16.33,119500.0,47.9,0,Moderate
45,79400.0,4366.56,3,698,67600.0,1693.92,51300.0,151900.0,20,0.256,0.0841,11.75,135600.0,55.2,0,Balanced
58,24000.0,787.24,0,762,11900.0,292.86,13600.0,32600.0,13,0.1464,0.46,17.28,34300.0,87.9,0,Moderate
32,113300.0,7066.42,1,763,99800.0,2587.16,6800.0,0.0,38,0.274,-0.0224,0.96,-93000.0,30.5,1,Moderate
43,43700.0,2470.3,2,766,38600.0,1196.02,6100.0,0.0,22,0.3284,-0.0068,2.47,-32500.0,32.7,0,Conservative
62,31000.0,1331.08,0,711,5700.0,123.17,3600.0,10600.0,5,0.0477,0.4371,2.7,8500.0,70.7,0,Conservative
42,54900.0,2380.63,1,798,0.0,0.0,3700.0,0.0,28,0.0,0.4796,1.55,3700.0,75.6,0,Balanced
41,47700.0,2772.64,2,692,0.0,0.0,29800.0,0.0,23,0.0,0.3025,10.75,29800.0,81.4,0,Balanced
47,119500.0,4612.9,0,756,53200.0,931.01,104000.0,161700.0,17,0.0935,0.4433,22.55,212500.0,89.5,0,Moderate
51,52500.0,2229.24,0,652,54800.0,920.98,33700.0,50400.0,20,0.2105,0.2799,15.12,29300.0,68.4,0,Balanced
26,140000.0,7870.47,1,787,86500.0,1790.77,22600.0,12900.0,40,0.1535,0.1719,2.87,-51000.0,55.2,0,Aggressive
47,79300.0,5105.72,1,695,0.0,0.0,37700.0,105800.0,18,0.0,0.2274,7.38,143500.0,71.5,0,Moderate
60,108200.0,5348.29,0,818,50300.0,794.12,48800.0,72800.0,4,0.0881,0.3188,9.12,71300.0,88.1,0,Moderate
54,66100.0,3986.06,1,702,0.0,0.0,66500.0,98500.0,12,0.0,0.2764,16.68,165000.0,80.2,0,Moderate
32,133200.0,7605.99,0,705,178500.0,3883.51,17400.0,44600.0,35,0.3499,-0.0351,2.29,-116500.0,27.0,0,Balanced
65,35100.0,1888.79,0,748,0.0,0.0,41100.0,51700.0,3,0.0,0.3543,21.76,92800.0,89.3,0,Moderate
27,70400.0,2806.23,0,661,85500.0,2108.65,4600.0,0.0,39,0.3594,0.1622,1.64,-80900.0,33.8,0,Balanced
30,53200.0,3221.77,0,785,0.0,0.0,16800.0,35500.0,38,0.0,0.2733,5.21,52300.0,75.3,0,Aggressive
65,142600.0,7540.1,2,826,57400.0,1701.34,164800.0,561700.0,5,0.1432,0.2223,21.86,669100.0,79.2,0,Balanced
37,150900.0,5503.88,1,573,38700.0,1165.27,45200.0,33000.0,35,0.0927,0.4697,8.21,39500.0,74.3,0,Aggressive
46,66200.0,3077.45,2,695,63500.0,1512.18,9400.0,14200.0,22,0.2741,0.168,3.05,-39900.0,44.0,0,Moderate
41,32500.0,2291.84,4,747,0.0,0.0,10900.0,0.0,26,0.0,0.1538,4.76,10900.0,62.4,0,Balanced
48,83700.0,3401.38,2,617,24300.0,596.05,37300.0,0.0,24,0.0855,0.4269,10.97,13000.0,79.9,0,Balanced
66,26500.0,969.34,0,639,6800.0,148.48,12600.0,14300.0,5,0.0672,0.4938,13.0,20100.0,82.2,0,Moderate
22,161800.0,8867.86,0,769,12800.0,244.38,17700.0,0.0,40,0.0181,0.3242,2.0,4900.0,68.4,0,Aggressive
63,51000.0,3302.42,1,709,23600.0,483.96,60500.0,195500.0,9,0.1139,0.1091,18.32,232400.0,63.6,0,Balanced
21,65100.0,3436.7,0,688,96100.0,1821.78,3800.0,0.0,40,0.3358,0.0307,1.11,-92300.0,25.4,0,Balanced
71,45500.0,1929.64,1,735,0.0,0.0,30800.0,84300.0,2,0.0,0.4911,15.96,115100.0,91.8,0,Conservative
56,40300.0,1482.25,1,780,26000.0,431.37,42300.0,110300.0,13,0.1284,0.4302,28.54,126600.0,89.9,0,Balanced
71,99300.0,5511.57,1,670,26100.0,580.72,40900.0,36500.0,2,0.0702,0.2638,7.42,51300.0,69.7,0,Conservative
46,60600.0,2620.75,3,594,61500.0,1168.49,6400.0,0.0,23,0.2314,0.2497,2.44,-55100.0,43.0,0,Balanced
49,67700.0,3752.21,1,676,0.0,0.0,7600.0,0.0,17,0.0,0.3349,2.03,7600.0,63.3,0,Conservative
41,38100.0,1619.99,1,784,0.0,0.0,3400.0,0.0,25,0.0,0.4898,2.1,3400.0,76.1,0,Balanced
31,106000.0,7966.45,4,742,15500.0,350.63,21000.0,30100.0,37,0.0397,0.0584,2.64,35600.0,47.4,0,Aggressive
60,112100.0,5325.1,0,804,34100.0,1064.89,52300.0,156800.0,10,0.114,0.316,9.82,175000.0,85.9,0,Moderate
31,59000.0,2308.75,0,778,5500.0,96.32,16500.0,0.0,36,0.0196,0.5108,7.15,11000.0,88.9,0,Aggressive
56,132900.0,7987.93,0,744,132500.0,3902.72,111100.0,226500.0,13,0.3524,-0.0736,13.91,205100.0,48.3,0,Moderate
69,62500.0,2716.74,1,707,39500.0,759.21,57400.0,0.0,2,0.1458,0.3326,21.13,17900.0,78.9,0,Conservative
59,101600.0,4594.35,1,705,117100.0,3615.68,51900.0,46200.0,6,0.427,0.0303,11.3,-19000.0,44.8,1,Moderate
60,27100.0,1611.8,0,671,42600.0,803.5,28700.0,0.0,4,0.3558,-0.0695,17.81,-13900.0,43.0,0,Conservative
55,80400.0,3373.56,0,690,81500.0,2257.42,65100.0,83500.0,14,0.3369,0.1596,19.3,67100.0,57.1,0,Moderate
54,57000.0,2584.31,0,745,56000.0,899.14,21900.0,0.0,14,0.1893,0.2666,8.47,-34100.0,73.5,0,Moderate
67,72100.0,3118.72,0,697,0.0,0.0,58700.0,146700.0,5,0.0,0.4809,18.82,205400.0,89.1,0,Moderate
44,70300.0,2967.6,2,750,61700.0,1154.87,13100.0,9600.0,26,0.1971,0.2963,4.41,-39000.0,64.4,0,Balanced
42,70900.0,2573.42,1,613,42300.0,1116.42,16800.0,0.0,22,0.189,0.3755,6.53,-25500.0,66.8,0,Moderate
25,92800.0,5179.91,0,746,49200.0,1269.81,15800.0,0.0,40,0.1642,0.166,3.05,-33400.0,51.9,0,Aggressive
53,48500.0,2578.81,0,738,36300.0,1114.51,15600.0,0.0,17,0.2758,0.0862,6.05,-20700.0,49.2,0,Moderate
56,90500.0,3717.64,0,741,91400.0,2344.73,79800.0,126500.0,10,0.3109,0.1961,21.47,114900.0,64.5,0,Conservative
67,130300.0,5844.39,1,737,0.0,0.0,62300.0,74600.0,5,0.0,0.4618,10.66,136900.0,91.9,0,Moderate
40,30500.0,2129.92,2,808,2400.0,43.9,21300.0,63000.0,25,0.0173,0.1447,10.0,81900.0,77.2,0,Balanced
39,43100.0,2927.45,1,680,25700.0,672.74,9400.0,0.0,25,0.1873,-0.0024,3.21,-16300.0,34.3,0,Balanced
55,44100.0,2092.45,0,761,34400.0,584.05,21500.0,33100.0,17,0.1589,0.2717,10.28,20200.0,77.7,0,Balanced
63,36300.0,2120.47,0,765,24500.0,712.58,34300.0,79000.0,7,0.2356,0.0635,16.18,88800.0,59.3,0,Moderate
37,51000.0,3037.37,1,798,2200.0,42.25,19700.0,33800.0,27,0.0099,0.2754,6.49,51300.0,79.6,0,Balanced
65,116800.0,5245.56,1,731,0.0,0.0,107900.0,75100.0,2,0.0,0.4611,20.57,183000.0,91.5,0,Moderate
63,146700.0,4931.87,0,625,235900.0,5928.43,109700.0,366700.0,3,0.4849,0.1116,22.24,240500.0,42.9,1,Moderate
54,70200.0,3024.58,2,753,0.0,0.0,30400.0,46000.0,16,0.0,0.483,10.05,76400.0,93.1,0,Balanced
29,55400.0,3671.72,2,621,0.0,0.0,6800.0,0.0,39,0.0,0.2047,1.85,6800.0,49.1,0,Aggressive
46,102900.0,7138.56,4,743,84200.0,1621.16,57000.0,57200.0,26,0.1891,-0.0215,7.98,30000.0,52.0,0,Moderate
22,24000.0,1371.47,1,742,15100.0,235.39,2000.0,0.0,40,0.1177,0.1966,1.46,-13100.0,51.4,0,Balanced
29,37000.0,1332.8,0,780,28500.0,892.27,3700.0,0.0,40,0.2894,0.2784,2.78,-24800.0,57.0,0,Moderate
29,24000.0,1351.94,1,673,23000.0,470.14,4800.0,0.0,36,0.2351,0.089,3.55,-18200.0,39.5,0,Balanced
60,36800.0,2112.51,0,781,12900.0,349.96,48900.0,70900.0,6,0.1141,0.197,23.15,106900.0,75.3,0,Moderate
37,43400.0,2619.34,0,772,33700.0,796.27,20300.0,0.0,30,0.2202,0.0556,7.75,-13400.0,56.3,0,Aggressive
21,149200.0,4790.47,0,705,17100.0,450.98,2700.0,0.0,40,0.0363,0.5784,0.56,-14400.0,64.7,0,Balanced
45,24000.0,1387.58,1,610,44000.0,742.98,8600.0,0.0,19,0.3715,-0.0653,6.2,-35400.0,30.2,0,Moderate
63,52600.0,1699.15,0,773,33100.0,788.46,38600.0,86300.0,6,0.1799,0.4325,22.72,91800.0,87.3,0,Balanced
60,93000.0,5136.31,0,627,167500.0,3629.35,41800.0,67500.0,7,0.4683,-0.1311,8.14,-58200.0,33.0,1,Conservative
62,82900.0,4934.27,2,751,24000.0,544.35,63800.0,184100.0,9,0.0788,0.207,12.93,223900.0,75.3,0,Moderate
45,147900.0,6400.85,2,777,89900.0,2825.16,63900.0,172300.0,27,0.2292,0.2514,9.98,146300.0,74.5,0,Balanced
59,72300.0,4135.85,0,755,0.0,0.0,8700.0,9200.0,12,0.0,0.3136,2.1,17900.0,67.6,0,Conservative
55,81300.0,3301.72,2,706,78700.0,2190.21,27600.0,60600.0,16,0.3233,0.1894,8.36,9500.0,59.2,0,Moderate
23,24100.0,1427.04,0,642,10400.0,214.4,700.0,0.0,40,0.1068,0.1827,0.49,-9700.0,40.9,0,Aggressive
70,38400.0,1551.27,0,753,11900.0,237.24,26700.0,48600.0,2,0.0741,0.4411,17.21,63400.0,90.1,0,Balanced
57,24800.0,1520.12,2,823,7800.0,152.91,8400.0,22200.0,12,0.074,0.1905,5.53,22800.0,69.8,0,Conservative
64,90700.0,5664.79,0,802,29000.0,606.95,21300.0,37200.0,4,0.0803,0.1702,3.76,29500.0,61.6,0,Conservative
64,80200.0,3448.14,0,650,0.0,0.0,27600.0,23600.0,5,0.0,0.4841,8.0,51200.0,82.9,0,Moderate
71,78600.0,3806.58,0,734,36600.0,717.46,116500.0,79800.0,2,0.1095,0.3093,30.6,159700.0,80.5,0,Moderate
50,40800.0,2057.84,1,750,0.0,0.0,34200.0,104700.0,20,0.0,0.3948,16.62,138900.0,92.5,0,Aggressive
58,38700.0,1428.82,0,676,0.0,0.0,22200.0,70500.0,10,0.0,0.557,15.54,92700.0,87.6,0,Moderate
54,74300.0,3814.84,0,797,4000.0,82.6,81700.0,124900.0,16,0.0133,0.3705,21.42,202600.0,93.5,0,Balanced
32,45800.0,3195.32,4,783,2000.0,39.53,5800.0,5800.0,39,0.0104,0.1524,1.82,9600.0,56.3,0,Aggressive
39,37800.0,2352.26,0,792,0.0,0.0,16100.0,55300.0,25,0.0,0.2533,6.84,71400.0,78.9,0,Balanced
57,50000.0,3168.0,1,778,23800.0,416.27,14100.0,30100.0,13,0.0999,0.1398,4.45,20400.0,58.7,0,Moderate
64,46000.0,2392.03,1,778,22000.0,681.82,61000.0,0.0,3,0.1779,0.1981,25.5,39000.0,72.6,0,Conservative
69,41100.0,2286.55,0,664,54100.0,968.33,12400.0,33800.0,2,0.2827,0.0497,5.42,-7900.0,39.2,0,Conservative
37,33700.0,2079.05,1,735,15500.0,330.0,2200.0,0.0,28,0.1175,0.1422,1.06,-13300.0,45.7,0,Moderate
30,84700.0,4075.45,0,754,86200.0,1585.64,9800.0,0.0,38,0.2246,0.198,2.4,-76400.0,50.7,0,Aggressive
69,155700.0,6048.57,1,671,236500.0,4700.17,212800.0,0.0,3,0.3622,0.1716,35.18,-23700.0,55.6,0,Moderate
67,64800.0,3213.93,1,686,0.0,0.0,19300.0,11000.0,2,0.0,0.4048,6.01,30300.0,80.0,0,Conservative
32,74800.0,4967.91,2,743,73900.0,1707.01,11800.0,29700.0,34,0.2739,-0.0708,2.38,-32400.0,33.0,0,Balanced
36,88900.0,5175.88,2,733,0.0,0.0,17800.0,38300.0,31,0.0,0.3013,3.44,56100.0,68.8,0,Balanced
44,81000.0,4791.04,1,782,34800.0,549.59,56900.0,0.0,28,0.0814,0.2088,11.88,22100.0,77.5,0,Balanced
39,41500.0,1847.12,2,715,32100.0,606.97,12100.0,15400.0,26,0.1755,0.2904,6.55,-4600.0,68.3,0,Balanced
28,170400.0,10873.44,0,681,0.0,0.0,27300.0,84000.0,40,0.0,0.2343,2.51,111300.0,57.5,0,Aggressive
51,43600.0,2113.26,1,680,0.0,0.0,19100.0,0.0,21,0.0,0.4184,9.04,19100.0,87.9,0,Balanced
41,94500.0,6311.45,4,674,86100.0,1935.78,36000.0,0.0,26,0.2458,-0.0473,5.7,-50100.0,38.4,0,Balanced
37,88600.0,2861.4,0,641,33800.0,783.95,6200.0,0.0,31,0.1062,0.5063,2.17,-27600.0,61.9,0,Moderate
43,24000.0,1021.86,2,719,19800.0,599.73,7700.0,23800.0,24,0.2999,0.1892,7.54,11700.0,58.8,0,Balanced
57,54300.0,3134.98,0,751,0.0,0.0,59800.0,65000.0,13,0.0,0.3072,19.08,124800.0,86.0,0,Moderate
36,68300.0,4821.91,2,625,85200.0,2553.7,22400.0,68900.0,35,0.4487,-0.2,4.65,6100.0,23.9,1,Moderate
26,71200.0,3488.93,2,735,67100.0,1567.54,14100.0,0.0,40,0.2642,0.1478,4.04,-53000.0,48.5,0,Aggressive
28,78100.0,2569.96,0,786,23500.0,432.44,18100.0,0.0,38,0.0664,0.5387,7.04,-5400.0,87.3,0,Aggressive
45,100400.0,4721.7,1,738,11900.0,325.36,42100.0,0.0,20,0.0389,0.3968,8.92,30200.0,90.0,0,Balanced
38,65900.0,2564.54,2,661,0.0,0.0,25200.0,0.0,31,0.0,0.533,9.83,25200.0,86.5,0,Aggressive
45,80400.0,3329.56,1,762,28200.0,743.45,55600.0,0.0,19,0.111,0.3921,16.7,27400.0,88.7,0,Balanced
32,64600.0,3665.99,0,799,12600.0,222.68,9400.0,19100.0,40,0.0414,0.2776,2.56,15900.0,67.6,0,Balanced
35,37800.0,2629.73,2,598,0.0,0.0,2100.0,3300.0,35,0.0,0.1652,0.8,5400.0,41.6,0,Moderate
46,67400.0,2330.8,0,735,0.0,0.0,26800.0,66700.0,25,0.0,0.585,11.5,93500.0,91.8,0,Aggressive
61,99900.0,5354.31,1,752,78100.0,1612.29,30400.0,23900.0,9,0.1937,0.1632,5.68,-23800.0,58.3,0,Conservative
65,121800.0,4887.76,0,694,0.0,0.0,58700.0,138900.0,3,0.0,0.5184,12.01,197600.0,88.9,0,Balanced
46,88900.0,3227.25,0,709,73100.0,1832.48,71300.0,0.0,22,0.2474,0.317,22.09,-1800.0,73.8,0,Balanced
67,137800.0,5369.52,0,779,0.0,0.0,198300.0,175900.0,3,0.0,0.5324,36.0,374200.0,94.9,0,Moderate
52,83300.0,4519.76,1,643,0.0,0.0,49100.0,158500.0,18,0.0,0.3489,10.86,207600.0,81.4,0,Balanced
30,106400.0,3955.01,1,763,63100.0,1698.67,16700.0,0.0,35,0.1916,0.3624,4.22,-46400.0,70.0,0,Balanced
36,110800.0,5481.71,1,777,92300.0,2390.13,20500.0,57200.0,29,0.2589,0.1475,3.74,-14600.0,50.9,0,Aggressive
27,58500.0,2311.19,1,725,70200.0,1785.21,8200.0,6300.0,40,0.3662,0.1597,3.55,-55700.0,43.3,0,Balanced
37,98600.0,4347.2,1,603,77400.0,1685.63,26400.0,17800.0,31,0.2051,0.2658,6.07,-33200.0,55.9,0,Balanced
43,39400.0,1498.19,0,671,62500.0,1829.14,22200.0,44100.0,22,0.5571,-0.0134,14.82,3800.0,37.2,1,Balanced
46,80200.0,5167.49,1,802,52700.0,1131.78,71400.0,103300.0,18,0.1693,0.0575,13.82,122000.0,64.1,0,Aggressive
41,90900.0,5326.77,1,736,68100.0,1832.17,24700.0,0.0,31,0.2419,0.0549,4.64,-43400.0,44.2,0,Moderate
42,118000.0,7939.29,2,765,0.0,0.0,24700.0,25900.0,29,0.0,0.1926,3.11,50600.0,62.0,0,Balanced
27,103900.0,5310.89,2,738,89800.0,1572.56,11100.0,12800.0,38,0.1816,0.205,2.09,-65900.0,50.9,0,Aggressive
34,118800.0,5399.12,1,640,64300.0,1106.34,23600.0,32200.0,31,0.1118,0.3429,4.37,-8500.0,63.4,0,Balanced
35,62700.0,3198.93,2,742,44600.0,1150.12,3800.0,0.0,31,0.2201,0.1676,1.19,-40800.0,44.4,0,Moderate
27,54700.0,2130.65,2,632,6100.0,125.51,9700.0,17100.0,40,0.0275,0.505,4.55,20700.0,71.0,0,Aggressive
29,56900.0,3366.02,1,801,25300.0,497.8,18700.0,47500.0,40,0.105,0.1851,5.56,40900.0,66.6,0,Aggressive
71,76600.0,3318.75,0,727,0.0,0.0,120700.0,67000.0,2,0.0,0.4801,36.0,187700.0,91.2,0,Conservative
68,24500.0,1113.38,1,736,7400.0,114.23,34500.0,101500.0,2,0.0559,0.3987,30.99,128600.0,89.5,0,Moderate
28,137600.0,8476.81,3,664,178700.0,3428.51,33200.0,0.0,40,0.299,-0.0383,3.92,-145500.0,30.6,0,Aggressive
70,67800.0,3358.92,1,760,21200.0,440.73,107800.0,153800.0,2,0.078,0.3275,32.09,240400.0,85.0,0,Moderate
43,52700.0,3567.51,1,624,73100.0,1976.8,24700.0,15700.0,28,0.4501,-0.2,6.92,-32700.0,30.1,1,Balanced
49,24000.0,1205.0,2,711,22600.0,548.39,5300.0,9200.0,16,0.2742,0.1233,4.4,-8100.0,45.6,0,Conservative
38,64800.0,3378.02,0,711,18300.0,540.8,8600.0,0.0,33,0.1001,0.2743,2.55,-9700.0,58.7,0,Balanced
51,59300.0,2691.53,1,745,39300.0,812.98,8000.0,0.0,17,0.1645,0.2908,2.97,-31300.0,61.0,0,Moderate
50,40400.0,2613.33,0,775,0.0,0.0,19800.0,63900.0,17,0.0,0.2238,7.58,83700.0,77.5,0,Moderate
59,45700.0,2277.55,1,703,25500.0,396.89,47200.0,0.0,7,0.1042,0.2977,20.72,21700.0,77.7,0,Moderate
55,65200.0,3442.84,0,774,41400.0,1290.82,43000.0,29500.0,17,0.2376,0.1288,12.49,31100.0,64.7,0,Balanced
38,47900.0,2038.5,2,750,0.0,0.0,12400.0,17600.0,32,0.0,0.4893,6.08,30000.0,84.7,0,Balanced
62,90600.0,5082.73,0,707,34800.0,819.29,22600.0,73000.0,8,0.1085,0.2183,4.45,60800.0,59.2,0,Conservative
59,43800.0,1780.05,0,628,76900.0,2360.71,6400.0,3800.0,10,0.6468,-0.1345,3.6,-66700.0,19.1,1,Conservative
37,72000.0,3836.67,2,820,0.0,0.0,20600.0,0.0,35,0.0,0.3606,5.37,20600.0,84.8,0,Balanced
34,126600.0,8157.82,1,826,0.0,0.0,11700.0,37700.0,32,0.0,0.2267,1.43,49400.0,64.3,0,Balanced
51,64900.0,4154.8,0,752,13100.0,342.67,12300.0,0.0,13,0.0634,0.1684,2.96,-800.0,56.3,0,Moderate
44,80500.0,3688.44,0,658,67100.0,1902.15,25900.0,0.0,26,0.2836,0.1666,7.02,-41200.0,51.9,0,Balanced
55,77700.0,4622.64,0,649,101000.0,2715.72,43900.0,133000.0,17,0.4194,-0.1333,9.5,75900.0,38.9,0,Moderate
64,66500.0,2224.09,0,780,0.0,0.0,26500.0,66200.0,5,0.0,0.5987,11.91,92700.0,95.0,0,Moderate
65,63800.0,3822.84,0,714,0.0,0.0,66600.0,117800.0,2,0.0,0.281,17.42,184400.0,81.4,0,Moderate
54,48300.0,2543.01,0,816,22700.0,673.46,28600.0,19700.0,17,0.1673,0.2009,11.25,25600.0,75.9,0,Balanced
23,71900.0,3448.1,0,834,0.0,0.0,1600.0,0.0,40,0.0,0.4245,0.46,1600.0,75.1,0,Aggressive
57,56600.0,3471.4,0,657,51700.0,977.07,42000.0,0.0,14,0.2072,0.0569,12.1,-9700.0,52.2,0,Balanced
63,154900.0,9269.92,0,681,234400.0,5674.57,85100.0,173200.0,9,0.4396,-0.1577,9.18,23900.0,40.3,1,Moderate
60,103400.0,4297.8,0,697,0.0,0.0,17300.0,36300.0,4,0.0,0.5012,4.03,53600.0,75.3,0,Conservative
46,29800.0,1829.21,1,682,19800.0,516.99,23000.0,39300.0,20,0.2082,0.0552,12.57,42500.0,53.8,0,Balanced
43,30700.0,1176.31,1,671,34300.0,656.2,13100.0,0.0,23,0.2565,0.2837,11.14,-21200.0,68.2,0,Balanced
64,61600.0,3640.08,0,691,0.0,0.0,44600.0,24300.0,8,0.0,0.2909,12.25,68900.0,80.5,0,Moderate
59,53200.0,2882.47,0,638,17900.0,345.33,52700.0,125100.0,7,0.0779,0.2719,18.28,159900.0,72.1,0,Moderate
35,59800.0,2467.48,2,714,60500.0,1919.59,27600.0,0.0,29,0.3852,0.1197,11.19,-32900.0,53.9,0,Aggressive
69,94700.0,5470.76,1,634,0.0,0.0,38400.0,31100.0,2,0.0,0.3068,7.02,69500.0,72.1,0,Conservative
24,78700.0,4015.06,0,758,0.0,0.0,9000.0,0.0,40,0.0,0.3878,2.24,9000.0,73.7,0,Aggressive
49,78300.0,4031.28,0,755,0.0,0.0,66200.0,225300.0,23,0.0,0.3822,16.42,291500.0,91.9,0,Aggressive
42,146600.0,6063.69,0,674,213000.0,6379.57,13200.0,43400.0,22,0.5222,-0.0185,2.18,-156400.0,18.5,1,Conservative
45,30800.0,1454.27,2,821,15900.0,444.0,21300.0,40200.0,20,0.173,0.2604,14.65,45600.0,80.5,0,Balanced
33,70100.0,4235.29,1,650,74900.0,2280.87,3800.0,0.0,31,0.3904,-0.1155,0.9,-71100.0,17.6,1,Balanced
38,48100.0,1934.92,0,719,30400.0,768.35,17900.0,46900.0,34,0.1917,0.3256,9.25,34400.0,77.4,0,Aggressive
53,145700.0,6781.18,0,757,0.0,0.0,115900.0,168800.0,17,0.0,0.4415,17.09,284700.0,93.4,0,Balanced
36,24000.0,1315.83,0,620,0.0,0.0,4600.0,0.0,28,0.0,0.3421,3.5,4600.0,64.0,0,Moderate
65,24000.0,823.69,0,812,14000.0,312.47,35700.0,114400.0,4,0.1562,0.4319,36.0,136100.0,91.0,0,Moderate
62,78200.0,4547.46,2,593,150100.0,4404.55,72800.0,175100.0,6,0.6759,-0.2,16.01,97800.0,31.6,1,Conservative
64,122900.0,6715.98,1,741,0.0,0.0,170700.0,191400.0,4,0.0,0.3442,25.42,362100.0,88.0,0,Moderate
22,101200.0,5512.8,0,713,0.0,0.0,4300.0,0.0,40,0.0,0.3463,0.78,4300.0,63.4,0,Aggressive
55,42600.0,1874.3,0,676,28600.0,605.55,4700.0,12600.0,11,0.1706,0.3015,2.51,-11300.0,55.3,0,Moderate
62,151500.0,7064.85,0,621,127700.0,2704.39,149400.0,456900.0,9,0.2142,0.2262,21.15,478600.0,62.0,0,Balanced
54,33600.0,1657.57,2,703,41600.0,842.55,10600.0,0.0,16,0.3009,0.1071,6.39,-31000.0,48.2,0,Moderate
50,135800.0,7958.64,0,649,0.0,0.0,61800.0,45900.0,18,0.0,0.2967,7.77,107700.0,74.5,0,Moderate
33,36100.0,1420.67,1,711,26200.0,450.49,12700.0,0.0,39,0.1497,0.378,8.94,-13500.0,82.3,0,Aggressive
33,54500.0,3838.53,2,744,9900.0,154.66,6800.0,9500.0,37,0.0341,0.1208,1.77,6400.0,50.0,0,Aggressive
38,94100.0,5598.44,2,628,120800.0,3654.93,18000.0,16800.0,27,0.4661,-0.18,3.22,-86000.0,19.4,1,Moderate
52,29500.0,1806.29,0,783,19300.0,594.28,16400.0,0.0,18,0.2417,0.0235,9.08,-2900.0,57.3,0,Balanced
52,148400.0,7302.42,1,822,53100.0,865.26,59300.0,115400.0,18,0.07,0.3395,8.12,121600.0,88.2,0,Balanced
55,54300.0,2320.93,0,698,0.0,0.0,30700.0,0.0,12,0.0,0.4871,13.23,30700.0,89.1,0,Balanced
59,71400.0,4404.73,0,674,0.0,0.0,7900.0,23500.0,12,0.0,0.2597,1.79,31400.0,56.9,0,Conservative
66,125400.0,4384.29,0,671,0.0,0.0,49200.0,96100.0,2,0.0,0.5805,11.22,145300.0,87.2,0,Moderate
49,42800.0,1807.74,2,790,0.0,0.0,37900.0,121300.0,21,0.0,0.4932,20.97,159200.0,95.7,0,Balanced
69,118600.0,5334.42,1,760,111400.0,2538.59,93400.0,282600.0,2,0.2569,0.2034,17.51,264600.0,68.6,0,Conservative
49,163100.0,11470.14,2,623,99200.0,2313.72,89800.0,220300.0,22,0.1702,-0.0141,7.83,210900.0,43.7,0,Balanced
64,46100.0,2739.98,2,726,0.0,0.0,19900.0,13300.0,2,0.0,0.2868,7.26,33200.0,77.8,0,Moderate
36,140500.0,7981.31,2,775,50000.0,1197.07,54100.0,167400.0,29,0.1022,0.2161,6.78,171500.0,70.6,0,Balanced
64,25100.0,1468.65,1,807,6400.0,131.21,40700.0,130900.0,5,0.0627,0.2351,27.71,165200.0,82.1,0,Moderate
67,82000.0,3737.76,0,678,62300.0,1550.32,75100.0,122000.0,3,0.2269,0.2261,20.09,134800.0,65.6,0,Moderate
30,33700.0,1918.74,0,682,29600.0,766.43,6900.0,0.0,40,0.2729,0.0439,3.6,-22700.0,35.4,0,Balanced
50,111100.0,4974.43,0,701,153600.0,4033.43,19800.0,26600.0,19,0.4357,0.0271,3.98,-107200.0,30.0,1,Conservative
45,106200.0,6288.33,0,770,73900.0,1885.28,42300.0,0.0,26,0.213,0.0764,6.73,-31600.0,55.2,0,Balanced
59,207400.0,9106.9,1,668,23700.0,623.27,215500.0,417700.0,10,0.0361,0.437,23.66,609500.0,85.6,0,Balanced
40,144600.0,6398.77,1,671,167600.0,3397.52,75200.0,66800.0,29,0.282,0.187,11.75,-25600.0,60.0,0,Balanced
25,60400.0,2964.4,0,724,0.0,0.0,5600.0,0.0,40,0.0,0.411,1.89,5600.0,71.2,0,Aggressive
21,36500.0,1679.93,0,690,48300.0,1273.57,3700.0,7200.0,40,0.4187,0.029,2.2,-37400.0,25.1,0,Balanced
50,90300.0,4810.33,0,748,42700.0,1188.1,19900.0,61700.0,20,0.1579,0.2029,4.14,38900.0,58.1,0,Moderate
69,64000.0,3017.15,1,626,41500.0,928.79,61600.0,0.0,2,0.1741,0.2601,20.42,20100.0,66.5,0,Moderate
23,155300.0,6111.32,0,748,0.0,0.0,5800.0,0.0,40,0.0,0.5278,0.95,5800.0,70.4,0,Balanced
65,24000.0,1135.85,0,746,20300.0,551.55,24900.0,48500.0,2,0.2758,0.1563,21.92,53100.0,63.3,0,Moderate
34,220500.0,11840.53,1,619,239700.0,4500.83,14300.0,30800.0,31,0.2449,0.1107,1.21,-194600.0,30.4,0,Balanced
50,88700.0,3230.45,0,687,0.0,0.0,79300.0,235200.0,14,0.0,0.563,24.55,314500.0,88.4,0,Balanced
70,42300.0,2265.47,1,710,37400.0,860.57,55200.0,143500.0,2,0.2441,0.1132,24.37,161300.0,58.7,0,Moderate
24,99100.0,4192.78,0,765,9300.0,166.91,3700.0,0.0,40,0.0202,0.4721,0.88,-5600.0,70.6,0,Balanced
38,135100.0,6045.51,0,648,31600.0,677.21,48100.0,81500.0,29,0.0602,0.4029,7.96,98000.0,80.3,0,Balanced
57,70500.0,2888.9,0,738,28400.0,566.61,68600.0,225500.0,8,0.0964,0.4118,23.75,265700.0,88.1,0,Moderate
45,25100.0,1657.78,1,741,0.0,0.0,5900.0,5500.0,26,0.0,0.2074,3.56,11400.0,62.7,0,Balanced
68,56300.0,3252.89,1,694,39100.0,806.79,14500.0,16400.0,4,0.172,0.1347,4.46,-8200.0,49.5,0,Conservative
21,117200.0,4736.68,0,672,67900.0,1758.03,5100.0,0.0,40,0.18,0.335,1.08,-62800.0,53.2,0,Balanced
66,87000.0,4625.59,0,600,12500.0,330.71,22800.0,75700.0,4,0.0456,0.3164,4.93,86000.0,62.7,0,Moderate
35,60700.0,4043.78,2,672,18200.0,414.23,16800.0,0.0,30,0.0819,0.1187,4.15,-1400.0,49.4,0,Balanced
29,135900.0,6575.88,1,724,24600.0,402.91,19100.0,0.0,40,0.0356,0.3838,2.9,-5500.0,71.4,0,Balanced
35,99400.0,6228.93,1,742,49600.0,1334.55,25700.0,0.0,32,0.1611,0.0869,4.13,-23900.0,48.8,0,Balanced
69,103700.0,3817.59,0,653,43100.0,701.58,88100.0,182700.0,2,0.0812,0.477,23.08,227700.0,82.7,0,Moderate
44,52800.0,3120.1,0,653,29100.0,485.58,37200.0,0.0,28,0.1104,0.1805,11.92,8100.0,65.1,0,Balanced
24,50100.0,2655.79,1,774,0.0,0.0,5700.0,0.0,40,0.0,0.3639,2.15,5700.0,72.8,0,Aggressive
32,26000.0,1189.91,2,695,9800.0,193.71,6500.0,0.0,35,0.0894,0.3614,5.46,-3300.0,72.6,0,Balanced
57,57400.0,2788.0,1,703,21600.0,634.82,28400.0,82900.0,14,0.1327,0.2844,10.19,89700.0,75.5,0,Balanced
57,110700.0,7151.19,0,720,117000.0,3097.42,14600.0,20600.0,11,0.3358,-0.111,2.04,-81800.0,27.9,0,Conservative
63,59100.0,3415.11,0,800,0.0,0.0,17700.0,15800.0,9,0.0,0.3066,5.18,33500.0,78.8,0,Conservative
26,84500.0,4295.66,0,699,102500.0,3242.76,12200.0,18700.0,39,0.4605,-0.0705,2.84,-71600.0,23.7,1,Aggressive
59,121900.0,4734.45,1,699,91200.0,1745.68,64100.0,204000.0,8,0.1718,0.3621,13.54,176900.0,79.5,0,Moderate
66,81200.0,3972.88,1,662,123400.0,3130.27,44100.0,0.0,2,0.4626,-0.0497,11.1,-79300.0,38.1,1,Conservative
44,85700.0,4036.62,2,786,19200.0,564.53,66400.0,0.0,26,0.079,0.3557,16.45,47200.0,88.9,0,Aggressive
31,31400.0,1068.65,0,794,14700.0,420.93,6600.0,0.0,34,0.1609,0.4307,6.18,-8100.0,81.7,0,Aggressive
33,55400.0,3124.94,2,627,55200.0,912.74,18700.0,0.0,33,0.1977,0.1254,5.98,-36500.0,47.2,0,Balanced
54,171000.0,10483.36,0,762,152200.0,4087.13,181500.0,236700.0,18,0.2868,-0.0225,17.31,266000.0,52.2,0,Moderate
45,70100.0,4499.49,3,627,0.0,0.0,7900.0,18100.0,26,0.0,0.2298,1.76,26000.0,51.2,0,Balanced
27,187800.0,8762.0,2,761,157100.0,3306.56,43400.0,63900.0,38,0.2113,0.2288,4.95,-49800.0,61.1,0,Balanced
24,44500.0,2259.98,0,780,21700.0,505.89,1000.0,0.0,40,0.1364,0.2541,0.44,-20700.0,54.8,0,Aggressive
28,75300.0,5505.02,3,801,37500.0,1066.6,21300.0,70500.0,38,0.17,-0.0473,3.87,54300.0,45.4,0,Balanced
40,53600.0,3524.94,3,631,89900.0,1602.51,15400.0,0.0,29,0.3588,-0.1479,4.37,-74500.0,27.1,0,Balanced
49,91600.0,5921.86,3,712,120200.0,2024.82,67500.0,0.0,19,0.2653,-0.041,11.4,-52700.0,49.5,0,Aggressive
71,108300.0,7285.55,1,819,45500.0,801.19,151100.0,361500.0,2,0.0888,0.104,20.74,467100.0,72.0,0,Conservative
65,92200.0,5374.87,0,819,17700.0,331.16,86800.0,216400.0,5,0.0431,0.2573,16.15,285500.0,85.4,0,Balanced
66,117400.0,4643.65,1,737,43400.0,694.9,118500.0,0.0,4,0.071,0.4543,25.52,75100.0,89.1,0,Moderate
30,65700.0,2841.82,0,821,12100.0,372.05,23500.0,15500.0,37,0.068,0.413,8.27,26900.0,93.2,0,Balanced
63,59600.0,3804.75,0,761,0.0,0.0,83200.0,257700.0,3,0.0,0.2339,21.87,340900.0,81.2,0,Moderate
54,25200.0,1209.35,0,714,2900.0,52.22,19100.0,22100.0,13,0.0249,0.3993,15.79,38300.0,89.2,0,Balanced
46,94000.0,4266.46,3,674,0.0,0.0,51700.0,0.0,19,0.0,0.4553,12.12,51700.0,87.4,0,Balanced
61,72700.0,3413.52,0,671,0.0,0.0,28300.0,67200.0,6,0.0,0.4366,8.29,95500.0,85.2,0,Moderate
69,63700.0,3709.45,1,787,3600.0,100.1,94700.0,94100.0,2,0.0189,0.2823,25.53,185200.0,85.9,0,Moderate
23,59600.0,3869.13,0,765,0.0,0.0,4800.0,0.0,40,0.0,0.221,1.24,4800.0,58.9,0,Aggressive
26,64800.0,3615.64,4,639,46700.0,740.62,9500.0,0.0,38,0.1372,0.1933,2.63,-37200.0,46.2,0,Aggressive
25,58100.0,2835.45,0,718,66300.0,1876.07,6500.0,8800.0,40,0.3875,0.0269,2.29,-51000.0,28.5,0,Aggressive
25,49500.0,3018.97,0,760,8500.0,200.02,3100.0,0.0,40,0.0485,0.2196,1.03,-5400.0,56.0,0,Balanced
67,75500.0,3788.26,2,627,83500.0,2173.88,26100.0,19400.0,4,0.3455,0.0524,6.89,-38000.0,38.3,0,Moderate
43,86400.0,3626.67,2,689,124000.0,3876.14,9600.0,0.0,28,0.5384,-0.0421,2.65,-114400.0,20.9,1,Moderate
69,43300.0,2740.8,0,708,21400.0,615.92,42600.0,103100.0,2,0.1707,0.0697,15.54,124300.0,58.3,0,Moderate
29,53100.0,3077.04,3,665,65600.0,1904.45,5000.0,11200.0,40,0.4304,-0.1258,1.62,-49400.0,19.1,1,Balanced
55,59100.0,2861.98,0,708,70400.0,1273.18,44300.0,52700.0,17,0.2585,0.1604,15.48,26600.0,61.5,0,Moderate
40,66300.0,3472.35,0,765,13500.0,311.84,6400.0,0.0,27,0.0564,0.3151,1.84,-7100.0,65.4,0,Balanced
69,61700.0,2372.44,2,690,0.0,0.0,40800.0,131800.0,2,0.0,0.5386,17.2,172600.0,88.6,0,Moderate
62,95100.0,5963.19,0,741,0.0,0.0,43600.0,82700.0,8,0.0,0.2475,7.31,126300.0,76.1,0,Moderate
55,26700.0,1167.19,0,837,0.0,0.0,15100.0,34500.0,13,0.0,0.4754,12.94,49600.0,99.0,0,Moderate
70,29400.0,1417.99,1,764,0.0,0.0,6800.0,22500.0,2,0.0,0.4212,4.8,29300.0,82.2,0,Conservative
38,73600.0,3003.15,1,794,34900.0,548.97,35900.0,68200.0,33,0.0895,0.4208,11.95,69200.0,92.4,0,Aggressive
37,47500.0,2261.24,1,748,44900.0,1240.1,5300.0,8800.0,30,0.3133,0.1155,2.34,-30800.0,40.3,0,Balanced
44,107600.0,6649.48,1,753,24800.0,742.91,8600.0,27300.0,27,0.0829,0.1756,1.29,11100.0,51.5,0,Balanced
23,125900.0,7344.13,0,752,0.0,0.0,14400.0,0.0,40,0.0,0.3,1.96,14400.0,65.9,0,Balanced
52,75200.0,4727.06,0,782,18400.0,405.38,22400.0,35000.0,15,0.0647,0.181,4.74,39000.0,64.3,0,Conservative
55,36700.0,1655.45,0,697,42400.0,855.28,34500.0,78500.0,10,0.2797,0.1791,20.84,70600.0,61.3,0,Balanced
58,118200.0,6535.36,0,645,146600.0,4384.51,128100.0,434400.0,10,0.4451,-0.1086,19.6,415900.0,37.6,1,Moderate
33,73800.0,4076.8,2,804,26800.0,651.57,20200.0,13500.0,38,0.1059,0.2312,4.95,6900.0,68.6,0,Aggressive
67,29200.0,1804.58,1,694,27900.0,693.24,24600.0,15200.0,3,0.2849,-0.0265,13.63,11900.0,47.5,0,Moderate
45,30700.0,2008.33,3,818,15500.0,406.86,12100.0,24800.0,23,0.159,0.056,6.02,21400.0,57.3,0,Moderate
29,152400.0,7710.95,2,714,81000.0,1628.42,21200.0,29100.0,40,0.1282,0.2646,2.75,-30700.0,57.6,0,Aggressive
24,139100.0,5965.88,0,784,87800.0,1962.98,10500.0,0.0,40,0.1693,0.316,1.76,-77300.0,62.1,0,Aggressive
34,24000.0,1041.95,1,771,0.0,0.0,2600.0,6900.0,36,0.0,0.479,2.5,9500.0,76.3,0,Balanced
57,31400.0,1597.75,0,675,0.0,0.0,15000.0,10600.0,10,0.0,0.3894,9.39,25600.0,86.7,0,Balanced
54,123900.0,7904.17,0,742,104100.0,1622.21,118800.0,373900.0,13,0.1571,0.0773,15.03,388600.0,61.8,0,Moderate
31,65500.0,2729.31,1,729,0.0,0.0,6000.0,0.0,36,0.0,0.5,2.2,6000.0,72.5,0,Aggressive
61,97300.0,4038.77,2,646,0.0,0.0,88600.0,145700.0,10,0.0,0.5019,21.94,234300.0,85.4,0,Moderate
23,64000.0,2281.39,0,758,36400.0,954.17,5300.0,0.0,40,0.1789,0.3933,2.32,-31100.0,67.2,0,Aggressive
48,94800.0,5476.59,0,649,0.0,0.0,10700.0,32300.0,20,0.0,0.3068,1.95,43000.0,59.1,0,Moderate
49,66400.0,3098.9,1,782,0.0,0.0,7200.0,7300.0,16,0.0,0.44,2.32,14500.0,76.6,0,Moderate
29,52000.0,2208.9,1,799,6000.0,109.93,6900.0,0.0,38,0.0254,0.4649,3.12,900.0,79.0,0,Aggressive
23,118500.0,5146.23,0,729,120300.0,1820.71,9900.0,33800.0,40,0.1844,0.2945,1.92,-76600.0,56.4,0,Balanced
45,73900.0,3929.83,0,761,61000.0,1112.16,24800.0,85400.0,26,0.1806,0.1813,6.31,49200.0,62.5,0,Moderate
54,94700.0,5040.52,1,760,0.0,0.0,77800.0,0.0,11,0.0,0.3613,15.43,77800.0,90.7,0,Balanced
32,72200.0,4557.24,2,677,108800.0,1900.47,18600.0,9800.0,33,0.3159,-0.0733,4.08,-80400.0,31.3,0,Aggressive
62,50600.0,2174.24,0,649,61400.0,1420.95,51900.0,0.0,3,0.337,0.1474,23.87,-9500.0,53.2,0,Moderate
29,160300.0,9094.51,3,819,89400.0,1978.22,9400.0,0.0,40,0.1481,0.1711,1.03,-80000.0,52.6,0,Balanced
35,80400.0,3355.28,2,778,37700.0,992.16,26300.0,0.0,31,0.1481,0.3511,7.84,-11400.0,82.0,0,Aggressive
60,54400.0,2036.48,1,683,19000.0,302.63,9600.0,13400.0,8,0.0668,0.484,4.71,4000.0,73.5,0,Moderate
45,133700.0,7185.28,2,601,129900.0,3403.22,22500.0,24000.0,20,0.3054,0.0496,3.13,-83400.0,27.4,0,Moderate
25,32000.0,1335.04,0,602,0.0,0.0,1700.0,0.0,40,0.0,0.4994,1.27,1700.0,60.8,0,Balanced
31,226400.0,12548.6,1,729,0.0,0.0,60700.0,133000.0,38,0.0,0.3349,4.84,193700.0,74.9,0,Aggressive
54,60000.0,1986.0,0,755,58400.0,1718.78,68700.0,182300.0,11,0.3438,0.259,34.59,192600.0,68.9,0,Balanced
44,32900.0,1504.37,3,701,36900.0,804.11,10100.0,31900.0,23,0.2933,0.158,6.71,5100.0,53.1,0,Moderate
35,188800.0,12682.27,2,775,76300.0,2432.38,56300.0,122700.0,30,0.1546,0.0393,4.44,102700.0,48.7,0,Aggressive
58,51300.0,2592.89,0,812,0.0,0.0,23200.0,22000.0,9,0.0,0.3935,8.95,45200.0,96.7,0,Balanced
28,75600.0,4440.38,1,754,48000.0,1363.52,14600.0,0.0,40,0.2164,0.0787,3.29,-33400.0,44.5,0,Aggressive
25,98200.0,5865.72,0,752,68900.0,1541.65,7100.0,0.0,40,0.1884,0.0948,1.21,-61800.0,40.9,0,Balanced
68,126900.0,5980.52,0,790,0.0,0.0,115400.0,214400.0,2,0.0,0.4345,19.3,329800.0,95.7,0,Moderate
46,78000.0,4708.76,1,715,0.0,0.0,40000.0,135100.0,20,0.0,0.2756,8.49,175100.0,79.6,0,Balanced
38,46300.0,2430.11,1,736,32500.0,771.97,20000.0,0.0,31,0.2001,0.1701,8.23,-12500.0,64.5,0,Aggressive
26,74600.0,3413.57,2,761,67800.0,1114.65,2200.0,0.0,39,0.1793,0.2716,0.64,-65600.0,53.6,0,Aggressive
57,52500.0,2253.4,0,740,37900.0,965.76,38900.0,71200.0,10,0.2207,0.2642,17.26,72200.0,73.1,0,Moderate
68,75900.0,3644.09,0,775,0.0,0.0,61800.0,0.0,3,0.0,0.4239,16.96,61800.0,94.6,0,Balanced
33,162000.0,7381.18,1,713,123500.0,3374.34,14100.0,12800.0,32,0.25,0.2033,1.91,-96600.0,45.8,0,Balanced
48,100300.0,4966.61,2,842,34000.0,861.05,29600.0,78000.0,24,0.103,0.3028,5.96,73600.0,79.6,0,Moderate
25,74100.0,3179.86,0,809,16500.0,456.87,12200.0,0.0,40,0.074,0.4111,3.84,-4300.0,79.8,0,Aggressive
33,99300.0,4213.1,2,709,127200.0,3529.24,36900.0,73600.0,38,0.4265,0.0644,8.76,-16700.0,47.0,1,Aggressive
37,103300.0,3906.95,1,677,78200.0,1434.51,6200.0,11000.0,34,0.1666,0.3795,1.59,-61000.0,58.9,0,Balanced
70,36600.0,1337.73,1,748,37300.0,559.93,44800.0,65700.0,2,0.1836,0.3778,33.49,73200.0,83.7,0,Moderate
60,67700.0,2619.89,1,796,43600.0,925.1,58300.0,44500.0,9,0.164,0.3716,22.25,59200.0,87.5,0,Balanced
65,270900.0,11682.18,0,769,192800.0,5904.34,404900.0,566000.0,2,0.2615,0.221,34.66,778100.0,70.3,0,Moderate
52,128900.0,6633.5,0,672,100100.0,2484.91,116000.0,0.0,13,0.2313,0.1511,17.49,15900.0,59.4,0,Balanced
49,50200.0,2071.83,1,687,45000.0,1231.54,28100.0,80100.0,21,0.2944,0.2103,13.56,63200.0,62.4,0,Balanced
71,47500.0,2910.18,0,792,30300.0,907.57,18500.0,63200.0,2,0.2293,0.0355,6.36,51400.0,52.0,0,Conservative
23,46600.0,2731.35,0,738,29600.0,899.93,2800.0,6900.0,40,0.2317,0.0649,1.03,-19900.0,35.5,0,Balanced
60,106600.0,5580.61,1,759,78700.0,1888.28,110700.0,239200.0,6,0.2126,0.1592,19.84,271200.0,66.9,0,Moderate
54,160200.0,8940.28,0,805,0.0,0.0,191600.0,266000.0,13,0.0,0.3303,21.43,457600.0,91.6,0,Balanced
60,91100.0,3997.25,0,780,40600.0,1196.32,54200.0,39600.0,6,0.1576,0.3159,13.56,53200.0,82.4,0,Moderate
47,72100.0,2611.89,1,657,67800.0,1947.71,46900.0,110400.0,23,0.3242,0.2411,17.96,89500.0,61.3,0,Moderate
33,51800.0,3374.48,1,705,16000.0,430.09,15400.0,0.0,32,0.0996,0.1186,4.56,-600.0,52.2,0,Balanced
65,79300.0,3113.3,1,778,18400.0,465.08,19700.0,54700.0,2,0.0704,0.4585,6.33,56000.0,84.6,0,Moderate
53,42100.0,2663.44,0,750,0.0,0.0,28300.0,49100.0,12,0.0,0.2408,10.63,77400.0,80.9,0,Moderate
26,24000.0,1297.51,1,712,26700.0,565.23,1200.0,0.0,40,0.2826,0.0686,0.92,-25500.0,31.5,0,Balanced
44,162800.0,7898.86,2,673,0.0,0.0,85300.0,0.0,27,0.0,0.4178,10.8,85300.0,87.4,0,Aggressive
39,38100.0,2089.82,2,776,28900.0,737.02,16500.0,0.0,32,0.2321,0.1097,7.9,-12400.0,60.6,0,Balanced
36,55300.0,2860.17,1,748,3500.0,65.8,29500.0,0.0,35,0.0143,0.3651,10.31,26000.0,89.5,0,Aggressive
60,94900.0,3078.83,0,726,55200.0,1053.07,118500.0,199900.0,11,0.1332,0.4775,36.0,263200.0,85.8,0,Moderate
48,145600.0,7306.5,2,736,0.0,0.0,12600.0,39200.0,22,0.0,0.3978,1.72,51800.0,71.5,0,Balanced
53,76200.0,4292.26,0,647,0.0,0.0,11700.0,6800.0,16,0.0,0.3241,2.73,18500.0,62.4,0,Moderate
68,34300.0,1669.35,0,749,35300.0,768.76,44400.0,114500.0,2,0.269,0.147,26.6,123600.0,63.1,0,Moderate
61,56100.0,2233.21,0,713,45900.0,834.49,53400.0,38200.0,7,0.1785,0.3438,23.91,45700.0,78.9,0,Balanced
33,45600.0,1953.37,0,671,30300.0,768.82,14900.0,0.0,38,0.2023,0.2836,7.63,-15400.0,66.6,0,Balanced
63,64800.0,3916.2,0,662,0.0,0.0,27700.0,72000.0,2,0.0,0.2748,7.07,99700.0,71.8,0,Moderate
65,130300.0,6843.14,1,675,158200.0,3637.47,155900.0,213500.0,3,0.335,0.0348,22.78,211200.0,46.7,0,Conservative
45,24000.0,1262.68,1,719,7600.0,201.53,9600.0,0.0,25,0.1008,0.2679,7.6,2000.0,72.8,0,Aggressive
62,52800.0,3364.18,0,776,21200.0,521.78,25400.0,73800.0,10,0.1186,0.1168,7.55,78000.0,64.7,0,Conservative
56,50700.0,2147.79,0,786,30200.0,926.41,6100.0,20400.0,8,0.2193,0.2724,2.84,-3700.0,60.0,0,Conservative
47,33100.0,1908.26,3,687,20600.0,322.91,24800.0,29700.0,25,0.1171,0.1911,13.0,33900.0,68.0,0,Balanced
58,91300.0,5665.82,1,748,0.0,0.0,68100.0,98900.0,8,0.0,0.2553,12.02,167000.0,81.9,0,Moderate
27,30400.0,2035.7,3,775,0.0,0.0,7400.0,0.0,37,0.0,0.1964,3.64,7400.0,64.5,0,Aggressive
25,32400.0,1313.06,0,680,37300.0,682.9,3700.0,0.0,40,0.2529,0.2608,2.82,-33600.0,50.1,0,Aggressive
63,105700.0,3879.51,0,805,68700.0,1175.3,26300.0,92000.0,3,0.1334,0.4261,6.78,49600.0,85.3,0,Conservative
65,151000.0,8308.55,0,675,17000.0,466.74,130500.0,172300.0,6,0.0371,0.3026,15.71,285800.0,78.7,0,Balanced
71,63500.0,2556.21,0,624,68300.0,1453.38,9100.0,19700.0,2,0.2747,0.2423,3.56,-39500.0,45.9,0,Conservative
51,33900.0,2342.12,2,671,25500.0,783.51,19200.0,0.0,16,0.2773,-0.1064,8.2,-6300.0,43.9,0,Balanced
43,44900.0,1615.27,0,737,0.0,0.0,14100.0,21000.0,22,0.0,0.5683,8.73,35100.0,91.2,0,Aggressive
62,115200.0,5254.33,1,778,0.0,0.0,115800.0,73500.0,5,0.0,0.4527,22.04,189300.0,94.9,0,Moderate
30,70500.0,2596.25,1,729,0.0,0.0,13600.0,15400.0,34,0.0,0.5581,5.24,29000.0,80.9,0,Balanced
52,62600.0,3449.9,0,690,0.0,0.0,20400.0,41200.0,16,0.0,0.3387,5.91,61600.0,75.4,0,Balanced
63,78600.0,4824.11,0,699,87300.0,1966.11,25100.0,24900.0,3,0.3002,-0.0367,5.2,-37300.0,36.7,0,Conservative
50,64800.0,3641.49,1,657,52900.0,1424.71,26500.0,0.0,22,0.2638,0.0618,7.28,-26400.0,45.5,0,Moderate
59,154800.0,9740.81,0,746,165900.0,4274.14,203400.0,535100.0,8,0.3313,-0.0864,20.88,572600.0,49.3,0,Moderate
51,43800.0,1574.62,0,750,18800.0,462.9,22500.0,13100.0,18,0.1268,0.4418,14.29,16800.0,87.8,0,Moderate
38,41100.0,1695.7,2,743,21800.0,448.1,19300.0,0.0,34,0.1308,0.3741,11.38,-2500.0,85.2,0,Aggressive
56,30900.0,1945.07,1,734,11700.0,320.34,5100.0,17500.0,9,0.1244,0.1202,2.62,10900.0,48.0,0,Moderate
22,49200.0,3125.04,1,788,0.0,0.0,2700.0,5400.0,40,0.0,0.2378,0.86,8100.0,60.8,0,Aggressive
34,36300.0,2518.06,3,810,0.0,0.0,11600.0,0.0,32,0.0,0.1676,4.61,11600.0,67.5,0,Aggressive
33,74600.0,4846.43,2,685,0.0,0.0,23400.0,0.0,31,0.0,0.2204,4.83,23400.0,63.2,0,Aggressive
49,66900.0,3149.27,1,754,24400.0,596.49,38000.0,29000.0,23,0.107,0.3281,12.07,42600.0,83.5,0,Aggressive
32,36600.0,1424.3,0,807,0.0,0.0,9000.0,0.0,40,0.0,0.533,6.32,9000.0,89.5,0,Aggressive
59,91500.0,6035.35,1,706,120200.0,3536.29,90200.0,58700.0,8,0.4638,-0.2,14.95,28700.0,41.2,1,Moderate
22,152400.0,6385.56,0,689,24100.0,623.88,6200.0,0.0,40,0.0491,0.4481,0.97,-17900.0,64.2,0,Balanced
52,80600.0,3622.72,0,675,36900.0,600.22,13200.0,16600.0,18,0.0894,0.3713,3.64,-7100.0,66.9,0,Moderate
33,24000.0,1639.65,4,675,8700.0,205.42,3900.0,7500.0,34,0.1027,0.0775,2.38,2700.0,40.8,0,Balanced
66,197400.0,8181.28,0,713,0.0,0.0,67800.0,119000.0,2,0.0,0.5027,8.29,186800.0,88.2,0,Conservative
47,99800.0,6550.64,2,778,17800.0,478.81,92800.0,131300.0,21,0.0576,0.1548,14.17,206300.0,74.2,0,Balanced
69,194100.0,6599.62,0,708,86800.0,2734.47,188600.0,348100.0,2,0.1691,0.4229,28.58,449900.0,83.1,0,Moderate
61,120600.0,7803.55,2,770,61500.0,948.55,85800.0,164900.0,8,0.0944,0.1291,10.99,189200.0,70.2,0,Moderate
37,134600.0,7411.31,1,768,0.0,0.0,73900.0,221800.0,31,0.0,0.3393,9.97,295700.0,89.6,0,Aggressive
60,74100.0,3761.79,0,756,60900.0,1482.04,93100.0,232500.0,7,0.24,0.1508,24.75,264700.0,65.0,0,Moderate
51,57300.0,2881.0,1,803,16700.0,426.37,30300.0,54500.0,18,0.0893,0.3074,10.52,68100.0,86.1,0,Balanced
54,81300.0,3325.29,0,817,26000.0,511.27,91400.0,293900.0,12,0.0755,0.4337,27.49,359300.0,94.6,0,Balanced
44,44800.0,2261.01,1,782,35800.0,1040.19,5500.0,15200.0,21,0.2786,0.1157,2.43,-15100.0,44.4,0,Moderate
65,84000.0,4480.08,2,665,44600.0,793.61,102900.0,74800.0,2,0.1134,0.2466,22.97,133100.0,70.7,0,Moderate
55,24000.0,1387.0,2,696,9400.0,141.14,9800.0,0.0,17,0.0706,0.2359,7.07,400.0,68.5,0,Balanced
68,67800.0,3009.36,1,740,54700.0,1706.13,66200.0,49300.0,2,0.302,0.1654,22.0,60800.0,62.5,0,Moderate
26,138600.0,5209.49,1,760,0.0,0.0,9600.0,14000.0,40,0.0,0.549,1.84,23600.0,73.7,0,Aggressive
39,69700.0,3241.26,3,734,0.0,0.0,43800.0,0.0,30,0.0,0.442,13.51,43800.0,91.7,0,Aggressive
50,171100.0,10546.48,2,630,78000.0,1538.54,22000.0,44300.0,22,0.1079,0.1524,2.09,-11700.0,42.2,0,Moderate
27,57200.0,2426.22,3,827,23000.0,369.81,7500.0,0.0,40,0.0776,0.4134,3.09,-15500.0,78.8,0,Balanced
30,114900.0,8067.68,3,704,107600.0,3027.09,24100.0,0.0,40,0.3161,-0.1587,2.99,-83500.0,30.2,0,Balanced
61,40800.0,2508.38,2,828,0.0,0.0,41000.0,73200.0,9,0.0,0.2622,16.35,114200.0,88.1,0,Balanced
52,112300.0,6805.7,1,699,134300.0,3137.98,87300.0,151300.0,17,0.3353,-0.0625,12.83,104300.0,45.8,0,Moderate
54,75200.0,4727.53,1,782,14500.0,235.7,68300.0,228300.0,18,0.0376,0.208,14.45,282100.0,79.2,0,Aggressive
48,58600.0,2681.36,3,795,0.0,0.0,48300.0,59100.0,22,0.0,0.4509,18.01,107400.0,96.1,0,Balanced
35,24000.0,1737.96,4,721,6200.0,112.2,3500.0,0.0,31,0.0561,0.0749,2.01,-2700.0,44.7,0,Aggressive
50,57500.0,2979.73,1,730,59400.0,1748.71,24300.0,22500.0,19,0.3649,0.0132,8.16,-12600.0,45.5,0,Moderate
57,74400.0,4552.1,0,716,0.0,0.0,39100.0,0.0,13,0.0,0.2658,8.59,39100.0,79.2,0,Moderate
49,104400.0,6391.32,0,685,92000.0,2705.81,91000.0,152200.0,21,0.311,-0.0456,14.24,151200.0,45.8,0,Balanced
42,156100.0,6109.64,2,743,112400.0,2501.77,53500.0,147800.0,27,0.1923,0.338,8.76,88900.0,79.3,0,Balanced
24,202700.0,9681.39,1,604,57200.0,1438.02,6400.0,0.0,40,0.0851,0.3417,0.66,-50800.0,51.5,0,Aggressive
40,131300.0,6461.71,0,726,11900.0,338.23,57800.0,51100.0,29,0.0309,0.3785,8.95,97000.0,88.2,0,Balanced
52,48600.0,2961.94,2,710,22900.0,359.24,24000.0,39900.0,13,0.0887,0.18,8.1,41000.0,67.5,0,Moderate
56,56000.0,2307.55,0,644,83100.0,2406.56,18600.0,58600.0,8,0.5157,-0.0102,8.06,-5900.0,32.7,1,Moderate
70,99300.0,3979.09,0,840,20200.0,350.61,140900.0,241900.0,2,0.0424,0.4768,35.41,362600.0,97.6,0,Moderate
24,88100.0,3909.48,0,803,0.0,0.0,3400.0,0.0,40,0.0,0.4675,0.87,3400.0,74.1,0,Balanced
47,162000.0,9455.07,3,810,85800.0,1976.6,107500.0,173600.0,24,0.1464,0.1532,11.37,195300.0,72.8,0,Aggressive
37,258800.0,17263.22,1,616,131800.0,3983.29,59200.0,79600.0,29,0.1847,0.0148,3.43,7000.0,31.5,0,Balanced
32,230300.0,14678.62,2,650,331300.0,5095.89,30900.0,0.0,33,0.2655,-0.0304,2.11,-300400.0,26.0,0,Moderate
42,150500.0,7922.93,2,782,0.0,0.0,112500.0,126900.0,29,0.0,0.3683,14.2,239400.0,92.8,0,Aggressive
37,88500.0,2962.88,0,737,48700.0,1262.44,19300.0,23100.0,29,0.1712,0.4271,6.51,-6300.0,78.2,0,Moderate
30,139000.0,5182.48,0,637,76400.0,1557.18,16300.0,0.0,40,0.1344,0.4182,3.15,-60100.0,63.2,0,Aggressive
21,165000.0,7732.58,0,787,118000.0,2352.72,18300.0,19500.0,40,0.1711,0.2665,2.37,-80200.0,60.2,0,Aggressive
42,61000.0,3586.45,0,759,7300.0,170.37,9400.0,15400.0,25,0.0335,0.261,2.62,17500.0,64.0,0,Moderate
46,49400.0,2520.55,2,770,7900.0,143.63,8200.0,0.0,26,0.0349,0.3528,3.25,300.0,73.4,0,Balanced
38,43400.0,2442.69,2,629,53400.0,1225.96,7700.0,0.0,26,0.339,-0.0144,3.15,-45700.0,24.4,0,Moderate
70,40900.0,2647.33,1,832,16700.0,467.69,48700.0,94400.0,2,0.1372,0.0861,18.4,126400.0,69.7,0,Moderate
34,30900.0,2022.71,1,665,0.0,0.0,5700.0,12600.0,31,0.0,0.2145,2.82,18300.0,55.7,0,Balanced
67,75900.0,3202.41,1,735,65200.0,1404.91,76900.0,82200.0,5,0.2221,0.2716,24.01,93900.0,73.3,0,Moderate
49,38200.0,1519.84,2,825,0.0,0.0,9600.0,22500.0,19,0.0,0.5226,6.32,32100.0,90.8,0,Moderate
32,43000.0,1799.42,0,736,29400.0,441.01,5600.0,0.0,35,0.1231,0.3748,3.11,-23800.0,68.7,0,Balanced
56,97300.0,5337.89,0,663,81500.0,1985.01,63800.0,172400.0,11,0.2448,0.0969,11.95,154700.0,54.1,0,Balanced
55,73100.0,4632.38,0,806,0.0,0.0,26600.0,57800.0,15,0.0,0.2396,5.74,84400.0,75.8,0,Moderate
32,83800.0,3148.18,1,610,63700.0,1293.65,13200.0,28500.0,34,0.1852,0.3639,4.19,-22000.0,59.4,0,Balanced
27,140200.0,5507.45,2,623,186500.0,4683.24,17000.0,0.0,40,0.4008,0.1278,3.09,-169500.0,30.9,0,Aggressive
49,106500.0,6511.22,0,822,5700.0,159.37,113300.0,169800.0,19,0.018,0.2484,17.4,277400.0,85.9,0,Moderate
31,152600.0,9146.57,1,743,100600.0,2550.4,8900.0,15900.0,40,0.2006,0.0802,0.97,-75800.0,38.0,0,Balanced
53,69100.0,4703.98,1,564,49500.0,1094.67,29700.0,66800.0,11,0.1901,-0.007,6.31,47000.0,34.5,1,Moderate
26,160600.0,9351.16,4,771,70400.0,1238.6,15200.0,26800.0,40,0.0925,0.2087,1.63,-28400.0,55.8,0,Aggressive
67,80600.0,3670.12,0,785,0.0,0.0,114000.0,0.0,2,0.0,0.4536,31.06,114000.0,95.4,0,Moderate
35,72600.0,3441.99,3,726,78700.0,1574.89,32800.0,43200.0,36,0.2603,0.1708,9.53,-2700.0,63.5,0,Balanced
52,147800.0,5251.07,0,727,0.0,0.0,143800.0,195900.0,15,0.0,0.5737,27.38,339700.0,91.2,0,Moderate
71,41000.0,2089.25,0,754,10700.0,240.88,30800.0,80000.0,2,0.0705,0.318,14.74,100100.0,84.2,0,Moderate
31,201400.0,9494.57,1,752,23400.0,689.08,27600.0,14200.0,34,0.0411,0.3932,2.91,18400.0,73.9,0,Aggressive
43,56700.0,2514.3,3,668,59000.0,1078.9,19700.0,15500.0,26,0.2283,0.2395,7.84,-23800.0,62.6,0,Aggressive
46,33900.0,2075.8,0,814,11500.0,254.16,13100.0,0.0,20,0.09,0.1752,6.31,1600.0,69.5,0,Balanced
54,94800.0,3628.81,0,732,76200.0,1865.19,80100.0,85000.0,12,0.2361,0.3046,22.07,88900.0,75.0,0,Balanced
66,53800.0,3404.79,2,774,22700.0,389.13,24400.0,42800.0,6,0.0868,0.1538,7.17,44500.0,67.6,0,Moderate
54,201600.0,8280.58,0,669,0.0,0.0,144000.0,439100.0,14,0.0,0.5071,17.39,583100.0,87.1,0,Moderate
49,52200.0,3241.45,1,647,85300.0,1701.37,41800.0,20900.0,21,0.3911,-0.1363,12.9,-22600.0,39.9,0,Balanced
24,78700.0,3065.09,1,732,6900.0,130.42,3600.0,0.0,40,0.0199,0.5128,1.17,-3300.0,69.0,0,Aggressive
37,30200.0,1717.45,0,728,27400.0,477.1,12000.0,0.0,28,0.1896,0.128,6.99,-15400.0,57.7,0,Balanced
55,103500.0,3616.01,0,697,0.0,0.0,24800.0,25100.0,16,0.0,0.5808,6.86,49900.0,83.1,0,Moderate
33,43100.0,2294.24,2,711,26500.0,816.01,3500.0,0.0,39,0.2272,0.134,1.53,-23000.0,40.3,0,Balanced
61,96900.0,5439.33,0,765,44000.0,683.19,26300.0,54100.0,4,0.0846,0.2418,4.84,36400.0,67.1,0,Conservative
59,52300.0,1958.14,0,530,95800.0,2824.82,10400.0,34600.0,6,0.6481,-0.0974,5.31,-50800.0,16.9,1,Conservative
35,24000.0,988.53,0,732,10600.0,230.6,3400.0,10300.0,32,0.1153,0.3904,3.44,3100.0,70.8,0,Aggressive
49,71100.0,5012.0,3,719,74500.0,1828.77,40600.0,0.0,22,0.3087,-0.1546,8.1,-33900.0,45.8,0,Moderate
49,69400.0,4476.58,1,766,23800.0,564.48,55400.0,58500.0,19,0.0976,0.1283,12.38,90100.0,69.7,0,Moderate
31,107400.0,3561.87,0,689,58100.0,1785.85,7400.0,0.0,37,0.1995,0.4025,2.08,-50700.0,61.3,0,Balanced
52,155700.0,6840.89,2,776,33900.0,952.33,155700.0,430400.0,18,0.0734,0.3994,22.76,552200.0,91.7,0,Aggressive
22,189400.0,7370.64,1,771,0.0,0.0,20000.0,0.0,40,0.0,0.533,2.71,20000.0,76.9,0,Aggressive
67,106400.0,4006.64,0,737,13300.0,379.12,126400.0,368500.0,5,0.0428,0.5054,31.55,481600.0,90.2,0,Moderate
34,77100.0,5191.88,1,757,29800.0,596.9,17700.0,55400.0,33,0.0929,0.099,3.41,43300.0,51.5,0,Balanced
40,30200.0,1713.0,2,708,11900.0,373.29,1700.0,0.0,31,0.1483,0.171,0.99,-10200.0,44.5,0,Moderate
42,73900.0,3493.28,0,738,21500.0,681.99,41500.0,33200.0,24,0.1107,0.322,11.88,53200.0,81.7,0,Balanced
31,74500.0,4803.93,0,713,9200.0,157.25,23700.0,0.0,38,0.0253,0.2009,4.93,14500.0,63.0,0,Aggressive
47,59300.0,3176.42,1,680,20000.0,606.36,19400.0,14100.0,17,0.1227,0.2345,6.11,13500.0,62.5,0,Moderate
23,93700.0,5032.06,0,793,32700.0,859.73,8800.0,0.0,40,0.1101,0.2454,1.75,-23900.0,59.8,0,Balanced
37,122600.0,6059.59,2,674,101100.0,3101.13,9000.0,7500.0,33,0.3035,0.1034,1.49,-84600.0,32.2,0,Balanced
64,42200.0,2155.17,2,594,0.0,0.0,37000.0,119000.0,2,0.0,0.3872,17.17,156000.0,80.8,0,Moderate
48,41800.0,2151.88,0,737,31600.0,952.85,5800.0,0.0,20,0.2735,0.1087,2.7,-25800.0,41.6,0,Balanced
49,61300.0,2288.1,1,665,36300.0,1090.8,33600.0,68400.0,18,0.2135,0.3386,14.68,65700.0,73.6,0,Balanced
41,47200.0,1897.26,0,704,25200.0,428.4,20100.0,0.0,31,0.1089,0.4087,10.59,-5100.0,85.2,0,Aggressive
67,26800.0,1024.49,0,723,26200.0,456.92,15000.0,32100.0,2,0.2046,0.3367,14.64,20900.0,78.0,0,Moderate
36,38200.0,1357.24,1,738,24600.0,418.26,3200.0,0.0,30,0.1314,0.4423,2.36,-21400.0,68.3,0,Balanced
57,33600.0,1777.33,1,713,42000.0,694.99,38600.0,123700.0,7,0.2482,0.117,21.72,120300.0,59.1,0,Balanced
40,128600.0,6906.05,1,694,70900.0,1489.31,46900.0,32400.0,28,0.139,0.2166,6.79,8400.0,63.4,0,Balanced
26,168800.0,8068.3,1,679,217800.0,5799.42,19300.0,31600.0,40,0.4123,0.0141,2.39,-166900.0,24.0,0,Aggressive
39,36200.0,1470.6,0,589,58900.0,1238.65,12000.0,15600.0,28,0.4106,0.1019,8.16,-31300.0,40.2,0,Balanced
25,89400.0,4774.14,0,716,0.0,0.0,13200.0,0.0,40,0.0,0.3592,2.76,13200.0,70.0,0,Aggressive
23,107000.0,3868.62,0,667,167200.0,4839.57,1600.0,4800.0,40,0.5428,0.0234,0.41,-160800.0,14.8,1,Moderate
21,29100.0,1424.56,0,732,1500.0,39.49,3100.0,0.0,40,0.0163,0.3963,2.18,1600.0,71.7,0,Balanced
58,72300.0,4381.56,1,757,8700.0,199.29,28800.0,44100.0,12,0.0331,0.2397,6.57,64200.0,73.3,0,Moderate
35,266600.0,9902.39,0,705,249600.0,4997.94,19900.0,32800.0,36,0.225,0.3293,2.01,-196900.0,55.9,0,Balanced
54,96000.0,5450.43,0,703,54500.0,932.76,71900.0,177100.0,12,0.1166,0.2021,13.19,194500.0,70.0,0,Balanced
55,57800.0,3296.13,0,654,82200.0,1922.83,59200.0,64100.0,13,0.3992,-0.0835,17.96,41100.0,40.0,0,Moderate
69,48600.0,1798.08,1,741,2600.0,70.81,11000.0,8900.0,2,0.0175,0.5385,6.12,17300.0,83.5,0,Conservative
45,24000.0,855.03,1,745,21200.0,515.59,9700.0,11900.0,24,0.2578,0.3147,11.34,400.0,75.8,0,Balanced
44,85700.0,6353.04,3,700,19900.0,542.58,37400.0,32600.0,27,0.076,0.0345,5.89,50100.0,50.2,0,Balanced
32,193200.0,7363.38,0,762,58900.0,1219.16,25400.0,39500.0,36,0.0757,0.4669,3.45,6000.0,75.3,0,Balanced
38,42300.0,2639.72,1,718,52300.0,843.89,24600.0,0.0,30,0.2394,0.0117,9.32,-27700.0,51.9,0,Aggressive
35,24000.0,1369.48,2,729,0.0,0.0,8000.0,6900.0,29,0.0,0.3153,5.84,14900.0,76.2,0,Balanced
64,45900.0,1858.14,0,733,20000.0,374.71,58000.0,171400.0,2,0.098,0.4162,31.21,209400.0,87.7,0,Balanced
36,107500.0,4586.56,2,678,19600.0,499.35,24800.0,0.0,33,0.0557,0.4323,5.41,5200.0,75.5,0,Balanced
47,52300.0,2522.04,0,765,42400.0,1215.73,20100.0,48200.0,21,0.2789,0.1424,7.97,25900.0,60.6,0,Moderate
28,42100.0,2466.15,4,753,30900.0,536.57,6800.0,6900.0,40,0.1529,0.1441,2.76,-17200.0,50.4,0,Aggressive
66,66900.0,3677.02,0,792,0.0,0.0,53700.0,51200.0,6,0.0,0.3404,14.6,104900.0,91.4,0,Balanced
45,75100.0,4891.94,1,784,33200.0,887.08,49700.0,49100.0,26,0.1417,0.0766,10.16,65600.0,65.4,0,Balanced
37,30800.0,2110.05,3,756,11800.0,326.75,5900.0,0.0,33,0.1273,0.0506,2.8,-5900.0,44.8,0,Balanced
49,58700.0,2591.51,1,750,2300.0,40.27,28900.0,79300.0,21,0.0082,0.462,11.15,105900.0,92.5,0,Aggressive
28,50300.0,3234.18,1,845,5900.0,171.26,14000.0,0.0,40,0.0409,0.1876,4.33,8100.0,69.1,0,Aggressive
35,46500.0,3074.26,2,581,55200.0,916.35,14400.0,24400.0,34,0.2365,-0.0298,4.68,-16400.0,29.3,0,Balanced
47,37800.0,2493.71,1,781,21300.0,507.64,8700.0,16400.0,17,0.1612,0.0472,3.49,3800.0,46.9,0,Moderate
66,111000.0,5582.05,1,623,55200.0,1244.1,130300.0,248700.0,4,0.1345,0.262,23.34,323800.0,68.1,0,Moderate
70,46400.0,2658.06,0,715,10200.0,191.45,47300.0,61900.0,2,0.0495,0.2631,17.79,99000.0,78.1,0,Balanced
27,24000.0,1233.33,0,689,8200.0,165.09,3700.0,5500.0,40,0.0825,0.3008,3.0,1000.0,61.1,0,Balanced
23,76500.0,3214.28,0,725,0.0,0.0,3100.0,0.0,40,0.0,0.4958,0.96,3100.0,68.7,0,Aggressive
49,98600.0,7559.33,4,750,18500.0,411.39,47800.0,73200.0,22,0.0501,0.0299,6.32,102500.0,55.7,0,Moderate
64,42700.0,1549.02,1,757,8000.0,124.83,53500.0,166200.0,2,0.0351,0.5296,34.54,211700.0,92.0,0,Moderate
44,48600.0,1963.88,1,692,0.0,0.0,14300.0,20200.0,27,0.0,0.5151,7.28,34500.0,83.9,0,Balanced
23,46300.0,2843.66,0,672,0.0,0.0,1200.0,0.0,40,0.0,0.263,0.42,1200.0,53.2,0,Balanced
40,54700.0,1842.59,0,727,16400.0,493.02,15600.0,34000.0,24,0.1082,0.4876,8.47,33200.0,85.4,0,Moderate
66,121600.0,8255.91,2,802,69100.0,2050.94,30100.0,24400.0,2,0.2024,-0.0171,3.65,-14600.0,43.6,0,Conservative
35,62100.0,3447.01,0,613,57200.0,1297.21,19400.0,0.0,32,0.2507,0.0832,5.63,-37800.0,39.9,0,Balanced
45,105000.0,3803.39,1,808,43700.0,1025.26,21200.0,62800.0,27,0.1172,0.4482,5.57,40300.0,82.8,0,Balanced
50,38800.0,1783.92,0,776,0.0,0.0,14200.0,35700.0,19,0.0,0.4483,7.96,49900.0,91.8,0,Balanced
34,53600.0,3581.32,3,734,37300.0,1191.62,22400.0,0.0,36,0.2668,-0.0686,6.25,-14900.0,43.4,0,Aggressive
27,111800.0,6086.02,1,627,67400.0,1779.57,13000.0,0.0,40,0.191,0.1558,2.14,-54400.0,39.1,0,Balanced
37,42500.0,2813.32,1,656,0.0,0.0,8200.0,14200.0,29,0.0,0.2057,2.91,22400.0,54.7,0,Balanced
64,115500.0,6997.93,0,734,122300.0,2696.9,99800.0,306900.0,4,0.2802,-0.0073,14.26,284400.0,50.5,0,Balanced
40,46800.0,2624.93,4,637,0.0,0.0,7700.0,13900.0,30,0.0,0.3269,2.93,21600.0,62.4,0,Balanced
56,55400.0,1910.61,0,725,0.0,0.0,7000.0,3600.0,16,0.0,0.5861,3.66,10600.0,76.2,0,Moderate
29,165800.0,11021.59,1,758,72600.0,2158.84,32900.0,0.0,40,0.1562,0.046,2.99,-39700.0,43.9,0,Aggressive
58,52100.0,2895.52,2,783,16200.0,279.06,52300.0,94300.0,13,0.0643,0.2688,18.06,130400.0,82.8,0,Moderate
68,71700.0,2448.31,0,652,88500.0,2285.65,91300.0,228600.0,2,0.3825,0.2077,36.0,231400.0,56.1,0,Conservative
42,92900.0,5780.16,1,759,0.0,0.0,56100.0,0.0,28,0.0,0.2534,9.71,56100.0,82.5,0,Balanced
22,75000.0,4796.27,1,739,0.0,0.0,8300.0,0.0,40,0.0,0.2326,1.73,8300.0,59.3,0,Aggressive
44,76100.0,4792.84,3,771,15600.0,352.55,63500.0,34200.0,24,0.0556,0.1886,13.25,82100.0,76.3,0,Aggressive
28,64100.0,3840.68,4,702,44100.0,1174.23,12600.0,24300.0,39,0.2198,0.0612,3.28,-7200.0,39.3,0,Aggressive
31,32300.0,1843.44,1,603,31200.0,595.01,8600.0,0.0,35,0.2211,0.0941,4.67,-22600.0,38.5,0,Balanced
33,80100.0,4957.35,2,689,0.0,0.0,23000.0,52700.0,31,0.0,0.2573,4.64,75700.0,65.7,0,Aggressive
37,44200.0,3010.06,2,724,39500.0,964.67,6000.0,0.0,31,0.2619,-0.0791,1.99,-33500.0,31.1,0,Balanced
28,101400.0,7117.81,2,696,100400.0,2049.34,6400.0,6300.0,37,0.2425,-0.0849,0.9,-87700.0,26.8,1,Aggressive
41,140700.0,7336.67,1,759,54900.0,1550.41,18900.0,20900.0,28,0.1322,0.242,2.58,-15100.0,58.5,0,Balanced
38,24500.0,1509.6,1,721,0.0,0.0,13800.0,0.0,30,0.0,0.2606,9.14,13800.0,80.3,0,Aggressive
50,140900.0,8991.81,0,613,0.0,0.0,82900.0,0.0,15,0.0,0.2342,9.22,82900.0,70.6,0,Moderate
38,52800.0,2114.19,1,751,33000.0,759.32,26300.0,0.0,33,0.1726,0.3469,12.44,-6700.0,82.0,0,Aggressive
66,61600.0,2193.51,1,711,77500.0,2337.36,35600.0,58800.0,2,0.4553,0.1174,16.23,16900.0,50.7,1,Conservative
67,40100.0,2431.35,0,726,27600.0,683.86,31600.0,86900.0,2,0.2046,0.0678,13.0,90900.0,58.0,0,Moderate
51,73400.0,2802.1,0,685,0.0,0.0,8500.0,22400.0,13,0.0,0.5419,3.03,30900.0,71.6,0,Moderate
58,68600.0,2269.47,0,758,11200.0,266.55,81100.0,181100.0,7,0.0466,0.5564,35.74,251000.0,91.6,0,Moderate
52,119600.0,4425.58,0,588,213400.0,6050.48,89000.0,197000.0,12,0.6071,-0.0511,20.11,72600.0,31.3,1,Conservative
31,44000.0,2103.37,1,846,6600.0,135.55,15000.0,0.0,35,0.037,0.3894,7.13,8400.0,92.2,0,Aggressive
65,165000.0,6430.96,0,658,199000.0,5742.63,30500.0,31300.0,2,0.4176,0.1146,4.74,-137200.0,36.3,0,Conservative
